date,openn,close,high,low,volume
2020-02-28 09:15:00,138.3,138.2,139.3,137.85,798849.0
2020-02-28 09:16:00,138.1,138.1,138.25,137.45,798849.0
2020-02-28 09:17:00,138.25,138.25,138.35,137.85,675266.0
2020-02-28 09:18:00,138.35,138.5,138.65,138.2,418292.0
2020-02-28 09:19:00,138.55,138.45,138.8,138.45,544646.0
2020-02-28 09:20:00,138.45,138.5,138.7,138.4,374149.0
2020-02-28 09:21:00,138.55,137.9,138.6,137.7,508629.0
2020-02-28 09:22:00,137.95,138.05,138.2,137.85,332232.0
2020-02-28 09:23:00,138.05,137.15,138.1,137.15,788067.0
2020-02-28 09:24:00,137.0,136.6,137.15,136.5,987754.0
2020-02-28 09:25:00,136.5,135.9,136.55,135.7,1172561.0
2020-02-28 09:26:00,136.0,135.6,136.0,135.5,700981.0
2020-02-28 09:27:00,135.6,136.05,136.05,135.6,488159.0
2020-02-28 09:28:00,135.9,136.2,136.45,135.9,462036.0
2020-02-28 09:29:00,136.25,136.15,136.45,136.1,346551.0
2020-02-28 09:30:00,136.1,136.55,136.8,135.95,776943.0
2020-02-28 09:31:00,136.55,136.35,136.55,136.2,301204.0
2020-02-28 09:32:00,136.3,135.9,136.4,135.85,501962.0
2020-02-28 09:33:00,135.9,136.0,136.1,135.85,252378.0
2020-02-28 09:34:00,136.0,134.8,136.0,134.8,1083887.0
2020-02-28 09:35:00,134.85,134.95,135.15,134.65,682275.0
2020-02-28 09:36:00,134.9,135.0,135.1,134.7,531630.0
2020-02-28 09:37:00,135.0,134.85,135.1,134.75,465302.0
2020-02-28 09:38:00,134.8,134.7,134.8,134.3,546282.0
2020-02-28 09:39:00,134.6,134.15,134.6,134.15,495646.0
2020-02-28 09:40:00,134.2,134.55,134.8,133.95,949215.0
2020-02-28 09:41:00,134.55,134.45,134.6,134.3,370881.0
2020-02-28 09:42:00,134.45,134.7,134.75,134.4,332427.0
2020-02-28 09:43:00,134.7,134.4,134.7,134.3,276033.0
2020-02-28 09:44:00,134.25,134.35,134.4,134.1,253769.0
2020-02-28 09:45:00,134.3,134.4,134.6,134.2,249644.0
2020-02-28 09:46:00,134.4,134.3,134.55,134.3,314901.0
2020-02-28 09:47:00,134.35,134.5,134.55,134.2,135862.0
2020-02-28 09:48:00,134.45,133.3,134.5,133.15,1109626.0
2020-02-28 09:49:00,133.15,133.35,133.5,133.15,566532.0
2020-02-28 09:50:00,133.3,132.8,133.3,132.6,694394.0
2020-02-28 09:51:00,132.7,132.15,132.8,132.0,867858.0
2020-02-28 09:52:00,132.15,132.6,132.6,131.9,718311.0
2020-02-28 09:53:00,132.5,132.55,132.7,132.1,442936.0
2020-02-28 09:54:00,132.55,131.6,132.55,131.55,602106.0
2020-02-28 09:55:00,131.55,130.8,131.7,130.75,1698478.0
2020-02-28 09:56:00,130.8,131.65,131.7,130.45,863695.0
2020-02-28 09:57:00,131.6,131.9,132.05,131.6,531093.0
2020-02-28 09:58:00,131.95,132.2,132.2,131.8,409531.0
2020-02-28 09:59:00,132.25,132.45,132.5,132.15,452868.0
2020-02-28 10:00:00,132.35,131.55,132.4,131.45,434728.0
2020-02-28 10:01:00,131.5,131.95,132.1,131.45,304737.0
2020-02-28 10:02:00,132.05,133.05,133.05,132.0,604461.0
2020-02-28 10:03:00,133.05,132.6,133.1,132.6,417668.0
2020-02-28 10:04:00,132.7,132.95,133.05,132.65,250418.0
2020-02-28 10:05:00,133.0,133.0,133.2,133.0,302609.0
2020-02-28 10:06:00,133.0,132.7,133.1,132.7,392004.0
2020-02-28 10:07:00,132.75,132.6,132.9,132.6,235015.0
2020-02-28 10:08:00,132.7,133.05,133.1,132.5,407555.0
2020-02-28 10:09:00,133.05,132.5,133.05,132.5,217808.0
2020-02-28 10:10:00,132.4,132.0,132.4,131.85,498353.0
2020-02-28 10:11:00,132.0,131.75,132.1,131.7,287323.0
2020-02-28 10:12:00,131.75,131.9,131.95,131.45,353178.0
2020-02-28 10:13:00,131.9,132.25,132.5,131.85,206186.0
2020-02-28 10:14:00,132.15,131.9,132.15,131.75,228941.0
2020-02-28 10:15:00,132.0,132.4,132.4,131.95,168080.0
2020-02-28 10:16:00,132.4,132.2,132.45,132.15,216880.0
2020-02-28 10:17:00,132.1,132.35,132.45,132.1,181576.0
2020-02-28 10:18:00,132.3,132.3,132.8,132.2,365766.0
2020-02-28 10:19:00,132.45,132.75,132.8,132.35,144248.0
2020-02-28 10:20:00,132.75,132.75,132.8,132.55,162764.0
2020-02-28 10:21:00,132.7,132.85,132.95,132.7,166552.0
2020-02-28 10:22:00,132.8,132.65,132.85,132.65,156193.0
2020-02-28 10:23:00,132.75,132.85,132.85,132.65,100942.0
2020-02-28 10:24:00,132.85,133.25,133.25,132.8,263023.0
2020-02-28 10:25:00,133.2,133.0,133.3,133.0,268774.0
2020-02-28 10:26:00,133.0,132.8,133.05,132.7,116004.0
2020-02-28 10:27:00,132.8,132.65,132.8,132.6,119488.0
2020-02-28 10:28:00,132.65,132.85,132.9,132.6,71515.0
2020-02-28 10:29:00,132.9,132.95,133.0,132.8,96224.0
2020-02-28 10:30:00,132.95,132.95,133.0,132.85,62594.0
2020-02-28 10:31:00,132.95,132.95,133.0,132.9,56433.0
2020-02-28 10:32:00,132.95,133.3,133.3,132.85,182247.0
2020-02-28 10:33:00,133.3,133.25,133.4,133.15,189452.0
2020-02-28 10:34:00,133.2,132.9,133.25,132.8,216461.0
2020-02-28 10:35:00,132.9,133.2,133.2,132.85,121238.0
2020-02-28 10:36:00,133.2,133.1,133.3,133.05,179693.0
2020-02-28 10:37:00,133.15,133.1,133.15,132.95,111836.0
2020-02-28 10:38:00,133.1,133.35,133.4,133.05,196508.0
2020-02-28 10:39:00,133.4,133.15,133.4,133.05,128303.0
2020-02-28 10:40:00,133.15,133.35,133.4,133.1,99530.0
2020-02-28 10:41:00,133.35,133.2,133.35,133.1,157765.0
2020-02-28 10:42:00,133.25,133.65,133.8,133.15,375066.0
2020-02-28 10:43:00,133.7,133.8,133.85,133.55,307410.0
2020-02-28 10:44:00,133.8,134.2,134.2,133.7,554287.0
2020-02-28 10:45:00,134.2,134.1,134.3,134.0,349062.0
2020-02-28 10:46:00,134.15,133.7,134.2,133.7,325046.0
2020-02-28 10:47:00,133.75,133.7,133.75,133.4,269007.0
2020-02-28 10:48:00,133.7,133.65,133.8,133.6,133828.0
2020-02-28 10:49:00,133.7,133.4,133.7,133.4,154492.0
2020-02-28 10:50:00,133.45,133.15,133.45,133.15,301341.0
2020-02-28 10:51:00,133.15,132.75,133.2,132.75,481279.0
2020-02-28 10:52:00,132.75,133.0,133.1,132.65,245662.0
2020-02-28 10:53:00,133.1,133.25,133.35,133.0,103613.0
2020-02-28 10:54:00,133.25,132.75,133.25,132.7,271702.0
2020-02-28 10:55:00,132.8,133.05,133.1,132.8,157126.0
2020-02-28 10:56:00,133.1,132.65,133.1,132.55,254972.0
2020-02-28 10:57:00,132.65,132.7,132.7,132.55,117086.0
2020-02-28 10:58:00,132.6,132.5,132.65,132.35,275671.0
2020-02-28 10:59:00,132.55,132.7,132.7,132.45,108944.0
2020-02-28 11:00:00,132.65,132.6,132.65,132.4,163195.0
2020-02-28 11:01:00,132.6,132.7,132.75,132.4,158875.0
2020-02-28 11:02:00,132.75,132.65,132.95,132.65,232156.0
2020-02-28 11:03:00,132.6,132.95,133.1,132.6,137860.0
2020-02-28 11:04:00,133.1,132.8,133.1,132.75,105484.0
2020-02-28 11:05:00,132.8,133.1,133.1,132.7,107370.0
2020-02-28 11:06:00,133.1,133.15,133.2,133.0,107683.0
2020-02-28 11:07:00,133.15,132.55,133.15,132.55,176779.0
2020-02-28 11:08:00,132.65,132.35,132.65,132.2,345320.0
2020-02-28 11:09:00,132.4,132.1,132.5,131.95,632702.0
2020-02-28 11:10:00,132.1,132.45,132.6,132.0,230969.0
2020-02-28 11:11:00,132.4,132.35,132.4,132.2,137106.0
2020-02-28 11:12:00,132.35,132.25,132.35,132.2,90558.0
2020-02-28 11:13:00,132.3,132.1,132.35,132.05,171523.0
2020-02-28 11:14:00,132.1,132.0,132.2,131.9,329773.0
2020-02-28 11:15:00,131.95,132.2,132.2,131.95,198743.0
2020-02-28 11:16:00,132.1,132.3,132.3,132.1,123077.0
2020-02-28 11:17:00,132.3,132.35,132.4,132.2,116216.0
2020-02-28 11:18:00,132.4,132.25,132.4,132.25,66445.0
2020-02-28 11:19:00,132.3,132.0,132.3,132.0,148589.0
2020-02-28 11:20:00,132.05,132.55,132.6,132.0,212915.0
2020-02-28 11:21:00,132.55,132.5,132.6,132.4,81635.0
2020-02-28 11:22:00,132.5,132.15,132.5,132.1,94140.0
2020-02-28 11:23:00,132.2,132.2,132.2,132.05,70080.0
2020-02-28 11:24:00,132.2,131.9,132.2,131.9,206567.0
2020-02-28 11:25:00,131.95,132.2,132.2,131.9,104544.0
2020-02-28 11:26:00,132.1,131.9,132.15,131.6,407005.0
2020-02-28 11:27:00,131.9,131.85,132.05,131.6,231193.0
2020-02-28 11:28:00,131.8,131.95,132.0,131.7,202639.0
2020-02-28 11:29:00,131.9,132.0,132.0,131.9,87592.0
2020-02-28 11:30:00,132.0,132.45,132.45,132.0,250866.0
2020-02-28 11:31:00,132.45,132.35,132.5,132.2,141072.0
2020-02-28 11:32:00,132.35,132.45,132.5,132.3,84774.0
2020-02-28 11:33:00,132.5,132.45,132.55,132.4,114753.0
2020-02-28 11:34:00,132.45,132.65,132.8,132.35,261596.0
2020-02-28 11:35:00,132.65,132.45,132.65,132.45,138335.0
2020-02-28 11:36:00,132.55,132.3,132.55,132.2,77737.0
2020-02-28 11:37:00,132.3,132.3,132.35,132.2,69716.0
2020-02-28 11:38:00,132.3,132.35,132.4,132.25,36418.0
2020-02-28 11:39:00,132.3,132.0,132.45,132.0,166771.0
2020-02-28 11:40:00,132.05,132.15,132.15,131.9,136636.0
2020-02-28 11:41:00,132.15,132.1,132.2,132.05,53365.0
2020-02-28 11:42:00,132.1,131.9,132.2,131.7,230713.0
2020-02-28 11:43:00,131.95,132.15,132.15,131.85,98511.0
2020-02-28 11:44:00,132.15,132.2,132.25,132.05,49101.0
2020-02-28 11:45:00,132.2,132.5,132.55,132.15,208531.0
2020-02-28 11:46:00,132.5,132.35,132.5,132.2,47422.0
2020-02-28 11:47:00,132.3,132.15,132.35,132.15,64645.0
2020-02-28 11:48:00,132.25,132.2,132.3,132.15,33075.0
2020-02-28 11:49:00,132.2,132.15,132.3,132.05,80328.0
2020-02-28 11:50:00,132.15,132.05,132.15,131.95,107074.0
2020-02-28 11:51:00,132.05,131.95,132.05,131.9,79831.0
2020-02-28 11:52:00,132.0,132.05,132.1,131.9,84763.0
2020-02-28 11:53:00,132.05,132.0,132.05,131.9,94907.0
2020-02-28 11:54:00,131.95,132.1,132.1,131.9,90823.0
2020-02-28 11:55:00,132.1,132.05,132.2,132.0,92351.0
2020-02-28 11:56:00,132.1,131.7,132.1,131.65,238007.0
2020-02-28 11:57:00,131.7,131.8,132.0,131.7,132281.0
2020-02-28 11:58:00,131.85,131.8,132.0,131.75,101566.0
2020-02-28 11:59:00,131.85,131.8,131.85,131.7,120858.0
2020-02-28 12:00:00,131.8,131.6,131.9,131.6,172591.0
2020-02-28 12:01:00,131.65,131.85,131.85,131.55,294098.0
2020-02-28 12:02:00,131.8,131.9,131.9,131.75,69365.0
2020-02-28 12:03:00,131.9,131.9,131.95,131.85,56471.0
2020-02-28 12:04:00,131.85,131.7,131.9,131.6,93070.0
2020-02-28 12:05:00,131.75,131.3,131.75,131.15,577534.0
2020-02-28 12:06:00,131.3,131.4,131.4,131.15,205737.0
2020-02-28 12:07:00,131.35,131.5,131.55,131.3,109191.0
2020-02-28 12:08:00,131.45,131.4,131.55,131.4,138132.0
2020-02-28 12:09:00,131.45,131.15,131.45,131.1,212194.0
2020-02-28 12:10:00,131.15,131.4,131.5,131.1,161726.0
2020-02-28 12:11:00,131.5,131.55,131.65,131.2,380409.0
2020-02-28 12:12:00,131.55,131.75,131.8,131.5,174853.0
2020-02-28 12:13:00,131.75,131.85,132.0,131.7,245604.0
2020-02-28 12:14:00,131.95,131.9,132.05,131.8,203169.0
2020-02-28 12:15:00,132.05,132.0,132.6,132.0,646288.0
2020-02-28 12:16:00,132.0,131.95,132.15,131.9,141675.0
2020-02-28 12:17:00,131.9,131.85,132.05,131.7,142588.0
2020-02-28 12:18:00,131.9,131.9,131.95,131.75,78936.0
2020-02-28 12:19:00,131.9,131.9,131.95,131.8,91433.0
2020-02-28 12:20:00,131.85,131.9,131.95,131.85,34640.0
2020-02-28 12:21:00,131.85,131.85,131.9,131.8,58013.0
2020-02-28 12:22:00,131.85,131.75,131.9,131.6,149751.0
2020-02-28 12:23:00,131.8,131.9,131.95,131.7,80160.0
2020-02-28 12:24:00,131.95,132.25,132.25,131.9,112972.0
2020-02-28 12:25:00,132.25,132.3,132.45,132.2,156960.0
2020-02-28 12:26:00,132.3,132.05,132.35,132.0,124320.0
2020-02-28 12:27:00,132.1,132.0,132.15,131.8,128762.0
2020-02-28 12:28:00,132.0,132.2,132.25,131.9,96419.0
2020-02-28 12:29:00,132.2,132.2,132.3,132.1,113570.0
2020-02-28 12:30:00,132.2,132.3,132.4,132.2,163200.0
2020-02-28 12:31:00,132.4,132.3,132.45,132.2,104868.0
2020-02-28 12:32:00,132.3,132.3,132.4,132.2,58465.0
2020-02-28 12:33:00,132.3,132.3,132.35,132.2,81841.0
2020-02-28 12:34:00,132.35,132.75,133.0,132.3,640883.0
2020-02-28 12:35:00,132.8,132.7,132.85,132.7,175563.0
2020-02-28 12:36:00,132.65,132.6,132.75,132.6,96583.0
2020-02-28 12:37:00,132.65,132.65,132.7,132.55,109358.0
2020-02-28 12:38:00,132.6,132.8,132.8,132.5,141497.0
2020-02-28 12:39:00,132.8,132.75,132.8,132.7,87423.0
2020-02-28 12:40:00,132.75,132.6,132.8,132.55,119548.0
2020-02-28 12:41:00,132.6,132.6,132.65,132.55,10731.0
2020-02-28 12:42:00,132.6,132.6,132.65,132.55,10731.0
2020-02-28 12:43:00,132.5,132.3,132.55,132.25,333504.0
2020-02-28 12:44:00,132.3,132.35,132.4,132.2,89511.0
2020-02-28 12:45:00,132.35,132.55,132.6,132.3,78744.0
2020-02-28 12:46:00,132.55,132.6,132.65,132.5,63969.0
2020-02-28 12:47:00,132.65,132.55,132.65,132.5,83445.0
2020-02-28 12:48:00,132.5,132.6,132.7,132.5,88694.0
2020-02-28 12:49:00,132.6,132.7,132.75,132.6,37687.0
2020-02-28 12:50:00,132.75,132.75,132.85,132.65,194503.0
2020-02-28 12:51:00,132.8,132.8,132.9,132.7,165901.0
2020-02-28 12:52:00,132.8,132.7,132.85,132.6,95219.0
2020-02-28 12:53:00,132.7,132.65,132.7,132.5,120171.0
2020-02-28 12:54:00,132.6,132.8,132.8,132.6,116337.0
2020-02-28 12:55:00,132.8,132.7,132.9,132.65,77926.0
2020-02-28 12:56:00,132.7,132.55,132.8,132.55,71231.0
2020-02-28 12:57:00,132.6,132.75,132.8,132.55,78412.0
2020-02-28 12:58:00,132.75,132.8,132.8,132.7,82581.0
2020-02-28 12:59:00,132.8,132.85,132.9,132.75,68514.0
2020-02-28 13:00:00,132.85,133.2,133.3,132.8,561542.0
2020-02-28 13:01:00,133.1,132.85,133.3,132.85,333988.0
2020-02-28 13:02:00,132.9,132.85,133.05,132.8,153458.0
2020-02-28 13:03:00,132.9,132.9,133.05,132.85,149016.0
2020-02-28 13:04:00,132.85,132.95,133.0,132.85,38728.0
2020-02-28 13:05:00,132.9,132.5,132.9,132.45,280777.0
2020-02-28 13:06:00,132.55,132.35,132.6,132.3,140484.0
2020-02-28 13:07:00,132.35,132.35,132.4,132.3,102795.0
2020-02-28 13:08:00,132.4,132.55,132.6,132.3,75764.0
2020-02-28 13:09:00,132.5,132.5,132.6,132.3,82680.0
2020-02-28 13:10:00,132.45,132.4,132.55,132.4,49131.0
2020-02-28 13:11:00,132.5,132.4,132.5,132.2,164966.0
2020-02-28 13:12:00,132.5,132.4,132.5,132.3,50782.0
2020-02-28 13:13:00,132.35,132.1,132.4,132.1,92689.0
2020-02-28 13:14:00,132.2,132.25,132.35,132.15,70530.0
2020-02-28 13:15:00,132.3,132.3,132.35,132.2,53046.0
2020-02-28 13:16:00,132.3,132.55,132.6,132.25,96422.0
2020-02-28 13:17:00,132.6,132.4,132.6,132.4,28272.0
2020-02-28 13:18:00,132.45,132.7,132.7,132.35,53269.0
2020-02-28 13:19:00,132.7,132.65,132.7,132.5,48526.0
2020-02-28 13:20:00,132.65,132.7,132.75,132.6,46234.0
2020-02-28 13:21:00,132.65,132.6,132.7,132.3,99754.0
2020-02-28 13:22:00,132.7,132.7,132.8,132.6,83219.0
2020-02-28 13:23:00,132.75,132.6,132.75,132.6,37312.0
2020-02-28 13:24:00,132.65,132.5,132.7,132.45,45385.0
2020-02-28 13:25:00,132.45,132.55,132.6,132.45,48659.0
2020-02-28 13:26:00,132.6,132.55,132.7,132.5,47698.0
2020-02-28 13:27:00,132.6,132.6,132.7,132.5,29724.0
2020-02-28 13:28:00,132.6,132.55,132.65,132.5,41343.0
2020-02-28 13:29:00,132.55,132.65,132.65,132.55,19519.0
2020-02-28 13:30:00,132.65,132.2,132.7,132.05,332212.0
2020-02-28 13:31:00,132.2,132.6,132.6,132.2,69349.0
2020-02-28 13:32:00,132.55,132.4,132.65,132.3,86525.0
2020-02-28 13:33:00,132.4,132.5,132.6,132.35,60578.0
2020-02-28 13:34:00,132.45,132.35,132.6,132.3,76440.0
2020-02-28 13:35:00,132.4,132.5,132.55,132.3,38249.0
2020-02-28 13:36:00,132.45,132.4,132.5,132.2,121468.0
2020-02-28 13:37:00,132.4,132.35,132.5,132.3,29824.0
2020-02-28 13:38:00,132.4,132.4,132.45,132.3,22540.0
2020-02-28 13:39:00,132.4,132.55,132.55,132.3,132339.0
2020-02-28 13:40:00,132.55,132.5,132.6,132.45,32931.0
2020-02-28 13:41:00,132.45,132.55,132.6,132.45,46756.0
2020-02-28 13:42:00,132.55,132.45,132.55,132.4,41445.0
2020-02-28 13:43:00,132.4,132.5,132.55,132.4,66436.0
2020-02-28 13:44:00,132.5,132.45,132.5,132.3,78029.0
2020-02-28 13:45:00,132.5,132.4,132.5,132.25,61379.0
2020-02-28 13:46:00,132.4,132.45,132.55,132.4,36409.0
2020-02-28 13:47:00,132.3,132.5,132.5,132.3,55714.0
2020-02-28 13:48:00,132.3,132.5,132.5,132.3,55714.0
2020-02-28 13:49:00,132.5,132.45,132.55,132.45,101933.0
2020-02-28 13:50:00,132.45,132.65,132.7,132.45,99920.0
2020-02-28 13:51:00,132.7,132.7,132.8,132.65,140105.0
2020-02-28 13:52:00,132.7,132.6,132.75,132.5,62043.0
2020-02-28 13:53:00,132.6,132.6,132.7,132.55,66572.0
2020-02-28 13:54:00,132.55,132.85,132.9,132.55,138900.0
2020-02-28 13:55:00,132.85,132.7,132.85,132.55,75016.0
2020-02-28 13:56:00,132.7,132.65,132.75,132.6,37875.0
2020-02-28 13:57:00,132.65,132.75,132.75,132.6,46057.0
2020-02-28 13:58:00,132.7,132.6,132.75,132.5,115039.0
2020-02-28 13:59:00,132.6,132.7,132.75,132.55,82550.0
2020-02-28 14:00:00,132.7,132.5,132.7,132.45,102705.0
2020-02-28 14:01:00,132.5,132.35,132.55,132.35,96176.0
2020-02-28 14:02:00,132.4,132.3,132.5,132.2,202542.0
2020-02-28 14:03:00,132.25,132.3,132.4,132.2,142956.0
2020-02-28 14:04:00,132.3,132.1,132.3,131.8,696544.0
2020-02-28 14:05:00,132.05,131.95,132.15,131.9,183734.0
2020-02-28 14:06:00,132.0,132.0,132.15,131.9,252601.0
2020-02-28 14:07:00,131.95,131.95,132.05,131.8,169970.0
2020-02-28 14:08:00,131.95,132.1,132.1,131.95,68757.0
2020-02-28 14:09:00,132.05,131.9,132.1,131.85,108586.0
2020-02-28 14:10:00,132.0,131.85,132.0,131.75,174353.0
2020-02-28 14:11:00,131.85,131.7,131.85,131.55,337994.0
2020-02-28 14:12:00,131.7,131.8,131.9,131.65,107869.0
2020-02-28 14:13:00,131.9,131.85,131.95,131.7,121765.0
2020-02-28 14:14:00,131.8,131.9,131.95,131.75,120874.0
2020-02-28 14:15:00,131.85,132.05,132.1,131.85,174371.0
2020-02-28 14:16:00,132.1,131.9,132.1,131.75,119506.0
2020-02-28 14:17:00,131.9,131.7,131.9,131.7,97390.0
2020-02-28 14:18:00,131.75,131.8,131.8,131.65,83265.0
2020-02-28 14:19:00,131.75,132.0,132.05,131.7,167767.0
2020-02-28 14:20:00,132.0,131.9,132.05,131.9,62035.0
2020-02-28 14:21:00,131.95,131.9,131.95,131.8,54205.0
2020-02-28 14:22:00,131.8,131.9,131.9,131.75,89300.0
2020-02-28 14:23:00,131.9,131.55,131.9,131.4,383393.0
2020-02-28 14:24:00,131.5,131.5,131.65,131.4,218873.0
2020-02-28 14:25:00,131.45,131.65,131.65,131.4,148754.0
2020-02-28 14:26:00,131.65,131.45,131.85,131.4,268935.0
2020-02-28 14:27:00,131.45,131.4,131.55,131.25,366735.0
2020-02-28 14:28:00,131.3,131.75,131.75,131.3,168971.0
2020-02-28 14:29:00,131.7,131.65,131.75,131.5,144040.0
2020-02-28 14:30:00,131.65,131.9,131.95,131.45,241385.0
2020-02-28 14:31:00,131.9,132.3,132.4,131.8,506693.0
2020-02-28 14:32:00,132.2,132.15,132.35,132.05,258791.0
2020-02-28 14:33:00,132.1,132.0,132.25,131.85,230381.0
2020-02-28 14:34:00,132.0,132.0,132.1,131.95,75686.0
2020-02-28 14:35:00,132.1,132.05,132.1,131.9,84166.0
2020-02-28 14:36:00,132.1,132.15,132.2,132.0,86086.0
2020-02-28 14:37:00,132.1,132.15,132.3,132.05,127579.0
2020-02-28 14:38:00,132.1,131.9,132.15,131.8,166708.0
2020-02-28 14:39:00,131.9,131.7,131.9,131.6,147568.0
2020-02-28 14:40:00,131.8,131.8,131.9,131.7,78970.0
2020-02-28 14:41:00,131.85,131.85,131.95,131.8,35751.0
2020-02-28 14:42:00,131.85,131.85,132.0,131.85,152954.0
2020-02-28 14:43:00,131.8,131.9,132.0,131.7,138854.0
2020-02-28 14:44:00,131.9,131.95,132.0,131.8,59370.0
2020-02-28 14:45:00,131.85,131.9,131.9,131.75,48376.0
2020-02-28 14:46:00,131.8,131.7,131.9,131.7,53526.0
2020-02-28 14:47:00,131.75,131.95,132.0,131.65,60962.0
2020-02-28 14:48:00,132.0,131.85,132.0,131.8,130129.0
2020-02-28 14:49:00,131.8,131.9,132.0,131.8,80145.0
2020-02-28 14:50:00,131.9,131.8,131.95,131.7,85812.0
2020-02-28 14:51:00,131.7,131.7,131.8,131.7,61917.0
2020-02-28 14:52:00,131.75,131.3,131.75,131.3,278296.0
2020-02-28 14:53:00,131.3,130.0,131.4,129.85,2312755.0
2020-02-28 14:54:00,130.0,130.15,130.55,130.0,858186.0
2020-02-28 14:55:00,130.1,130.2,130.3,130.1,423203.0
2020-02-28 14:56:00,130.3,130.25,130.5,130.25,279170.0
2020-02-28 14:57:00,130.25,129.7,130.3,129.5,557317.0
2020-02-28 14:58:00,129.65,129.45,129.65,129.3,477626.0
2020-02-28 14:59:00,129.2,129.35,129.5,129.15,603292.0
2020-02-28 15:00:00,129.45,128.75,129.45,128.75,576585.0
2020-02-28 15:01:00,128.85,128.6,128.85,128.35,604415.0
2020-02-28 15:02:00,128.6,128.55,129.0,128.3,612024.0
2020-02-28 15:03:00,128.55,129.0,129.0,128.55,357561.0
2020-02-28 15:04:00,128.95,128.75,129.0,128.65,230440.0
2020-02-28 15:05:00,128.75,128.8,128.9,128.7,212237.0
2020-02-28 15:06:00,128.8,128.6,128.9,128.55,214628.0
2020-02-28 15:07:00,128.6,128.3,128.6,128.2,351193.0
2020-02-28 15:08:00,128.25,128.45,128.55,128.25,334360.0
2020-02-28 15:09:00,128.45,128.2,128.45,128.2,323338.0
2020-02-28 15:10:00,128.15,128.0,128.25,128.0,511552.0
2020-02-28 15:11:00,128.05,127.3,128.1,127.1,1158190.0
2020-02-28 15:12:00,127.25,128.35,128.35,127.2,888288.0
2020-02-28 15:13:00,128.3,128.9,129.0,128.2,713947.0
2020-02-28 15:14:00,128.9,128.8,128.95,128.55,472887.0
2020-02-28 15:15:00,128.9,129.45,129.65,128.9,837071.0
2020-02-28 15:16:00,129.5,129.9,130.1,129.35,1011903.0
2020-02-28 15:17:00,129.9,129.35,129.9,129.2,648806.0
2020-02-28 15:18:00,129.25,129.45,129.8,129.25,457395.0
2020-02-28 15:19:00,129.45,129.85,130.1,129.45,674993.0
2020-02-28 15:20:00,129.95,130.05,130.1,129.85,324229.0
2020-02-28 15:21:00,130.0,130.1,130.35,129.95,492769.0
2020-02-28 15:22:00,130.1,130.05,130.1,129.9,174822.0
2020-02-28 15:23:00,130.05,128.75,130.05,128.5,1856335.0
2020-02-28 15:24:00,128.95,129.75,129.8,128.95,369040.0
2020-02-28 15:25:00,129.75,129.9,129.95,129.75,219827.0
2020-02-28 15:26:00,129.8,129.75,129.9,129.6,139132.0
2020-02-28 15:27:00,129.75,129.6,129.8,129.55,152155.0
2020-02-28 15:28:00,129.7,129.65,129.75,129.55,188219.0
2020-02-28 15:29:00,129.6,129.6,129.7,129.35,174608.0
2020-03-02 09:15:00,133.3,132.15,133.9,131.6,174608.0
2020-03-02 09:16:00,132.0,131.7,132.2,131.7,1312333.0
2020-03-02 09:17:00,131.8,131.45,131.8,130.9,1214616.0
2020-03-02 09:18:00,131.5,130.95,131.6,130.55,538229.0
2020-03-02 09:19:00,130.95,130.05,131.0,130.0,760921.0
2020-03-02 09:20:00,130.0,129.0,130.2,128.25,1600894.0
2020-03-02 09:21:00,128.95,128.95,129.25,128.85,1029713.0
2020-03-02 09:22:00,129.1,128.55,129.1,128.4,733932.0
2020-03-02 09:23:00,128.7,127.9,128.95,127.7,1187499.0
2020-03-02 09:24:00,128.0,128.0,128.0,127.45,783848.0
2020-03-02 09:25:00,128.1,129.15,129.55,128.05,953854.0
2020-03-02 09:26:00,129.0,128.65,129.55,128.65,654002.0
2020-03-02 09:27:00,128.6,128.75,129.0,128.5,641796.0
2020-03-02 09:28:00,128.65,128.8,129.0,128.65,276766.0
2020-03-02 09:29:00,128.85,128.6,128.9,128.35,376873.0
2020-03-02 09:30:00,128.6,129.15,129.3,128.5,466819.0
2020-03-02 09:31:00,129.2,130.35,130.75,129.2,993722.0
2020-03-02 09:32:00,130.3,128.8,130.3,128.2,1406065.0
2020-03-02 09:33:00,128.8,129.2,129.3,128.6,1154269.0
2020-03-02 09:34:00,129.2,129.0,129.5,128.8,1013159.0
2020-03-02 09:35:00,128.9,128.95,129.35,128.8,953636.0
2020-03-02 09:36:00,129.05,129.1,129.35,128.95,185843.0
2020-03-02 09:37:00,129.2,129.4,129.5,129.15,253835.0
2020-03-02 09:38:00,129.4,129.45,129.55,129.35,186042.0
2020-03-02 09:39:00,129.45,129.45,129.5,129.35,119566.0
2020-03-02 09:40:00,129.45,130.6,130.8,129.4,636020.0
2020-03-02 09:41:00,130.6,130.45,130.7,130.2,393053.0
2020-03-02 09:42:00,130.45,130.45,130.65,130.35,375491.0
2020-03-02 09:43:00,130.55,131.3,131.5,130.55,962314.0
2020-03-02 09:44:00,131.25,131.0,131.25,130.9,419088.0
2020-03-02 09:45:00,131.05,132.05,132.15,131.05,700090.0
2020-03-02 09:46:00,132.0,131.75,132.15,131.6,567711.0
2020-03-02 09:47:00,131.75,131.9,132.0,131.75,386847.0
2020-03-02 09:48:00,131.95,131.3,132.15,131.3,560925.0
2020-03-02 09:49:00,131.3,131.5,131.6,131.15,316988.0
2020-03-02 09:50:00,131.45,131.6,131.75,131.45,310939.0
2020-03-02 09:51:00,131.6,131.6,131.65,131.4,165087.0
2020-03-02 09:52:00,131.6,131.9,131.9,131.55,197132.0
2020-03-02 09:53:00,131.9,131.6,131.95,131.5,182452.0
2020-03-02 09:54:00,131.5,131.6,131.7,131.5,127272.0
2020-03-02 09:55:00,131.5,130.75,131.6,130.75,527223.0
2020-03-02 09:56:00,130.7,130.85,131.0,130.7,335193.0
2020-03-02 09:57:00,130.85,130.15,131.45,129.95,763314.0
2020-03-02 09:58:00,130.2,130.65,130.75,130.2,233809.0
2020-03-02 09:59:00,130.65,130.45,130.7,130.35,210032.0
2020-03-02 10:00:00,130.5,130.5,130.8,130.45,200148.0
2020-03-02 10:01:00,130.6,130.6,130.7,130.5,182683.0
2020-03-02 10:02:00,130.6,130.6,130.7,130.55,152412.0
2020-03-02 10:03:00,130.6,130.2,130.65,130.15,285135.0
2020-03-02 10:04:00,130.15,130.3,130.35,130.15,236475.0
2020-03-02 10:05:00,130.35,129.95,130.35,129.75,350810.0
2020-03-02 10:06:00,129.95,130.15,130.25,129.95,345449.0
2020-03-02 10:07:00,130.15,130.1,130.4,130.1,203757.0
2020-03-02 10:08:00,130.1,129.5,130.1,129.4,345522.0
2020-03-02 10:09:00,129.55,129.6,129.75,129.45,266389.0
2020-03-02 10:10:00,129.4,129.4,129.55,129.3,330749.0
2020-03-02 10:11:00,129.5,129.45,129.5,129.35,112268.0
2020-03-02 10:12:00,129.45,129.3,129.45,129.2,343107.0
2020-03-02 10:13:00,129.3,129.4,129.4,129.1,302761.0
2020-03-02 10:14:00,129.4,129.4,129.5,129.25,146734.0
2020-03-02 10:15:00,129.35,129.2,129.4,129.2,173747.0
2020-03-02 10:16:00,129.2,129.5,129.5,129.2,255535.0
2020-03-02 10:17:00,129.45,130.2,130.2,129.4,305403.0
2020-03-02 10:18:00,130.1,130.2,130.25,129.85,411548.0
2020-03-02 10:19:00,130.15,129.95,130.15,129.95,149679.0
2020-03-02 10:20:00,130.0,130.5,130.5,129.95,337985.0
2020-03-02 10:21:00,130.45,130.4,130.5,130.3,198068.0
2020-03-02 10:22:00,130.4,130.7,130.7,130.4,200026.0
2020-03-02 10:23:00,130.6,130.4,130.65,130.35,126016.0
2020-03-02 10:24:00,130.35,130.2,130.5,130.2,132279.0
2020-03-02 10:25:00,130.15,130.1,130.25,130.05,126937.0
2020-03-02 10:26:00,130.05,129.8,130.15,129.75,231972.0
2020-03-02 10:27:00,129.8,130.0,130.0,129.7,331411.0
2020-03-02 10:28:00,130.0,130.3,130.55,130.0,212426.0
2020-03-02 10:29:00,130.2,130.05,130.25,130.0,117720.0
2020-03-02 10:30:00,130.1,129.65,130.1,129.6,187788.0
2020-03-02 10:31:00,129.6,129.7,129.85,129.6,189920.0
2020-03-02 10:32:00,129.7,128.85,129.75,128.65,903470.0
2020-03-02 10:33:00,128.9,129.25,129.3,128.8,368099.0
2020-03-02 10:34:00,129.25,129.1,129.3,129.05,218337.0
2020-03-02 10:35:00,129.1,129.25,129.35,129.1,165997.0
2020-03-02 10:36:00,129.25,129.15,129.4,129.05,166009.0
2020-03-02 10:37:00,129.1,129.0,129.15,128.85,261201.0
2020-03-02 10:38:00,129.0,128.9,129.1,128.9,202578.0
2020-03-02 10:39:00,128.95,128.4,128.95,128.35,495245.0
2020-03-02 10:40:00,128.5,128.6,128.7,128.35,364583.0
2020-03-02 10:41:00,128.55,128.45,128.65,128.35,211489.0
2020-03-02 10:42:00,128.4,128.6,128.6,128.35,218435.0
2020-03-02 10:43:00,128.6,128.75,128.8,128.55,141714.0
2020-03-02 10:44:00,128.7,128.9,128.9,128.5,132268.0
2020-03-02 10:45:00,128.9,129.25,129.3,128.8,250328.0
2020-03-02 10:46:00,129.15,129.2,129.4,129.15,156897.0
2020-03-02 10:47:00,129.2,129.1,129.25,129.0,177827.0
2020-03-02 10:48:00,129.1,128.8,129.1,128.75,131081.0
2020-03-02 10:49:00,128.7,128.8,128.8,128.6,134397.0
2020-03-02 10:50:00,128.75,128.85,128.85,128.7,129547.0
2020-03-02 10:51:00,128.85,128.75,128.85,128.65,130919.0
2020-03-02 10:52:00,128.7,128.85,128.9,128.7,64841.0
2020-03-02 10:53:00,128.8,128.9,128.9,128.7,208523.0
2020-03-02 10:54:00,128.9,128.95,129.0,128.75,171370.0
2020-03-02 10:55:00,129.0,129.0,129.0,128.8,60414.0
2020-03-02 10:56:00,129.0,129.15,129.15,128.85,110791.0
2020-03-02 10:57:00,129.1,129.2,129.2,128.95,132394.0
2020-03-02 10:58:00,129.1,128.95,129.2,128.95,162968.0
2020-03-02 10:59:00,128.85,128.9,128.9,128.7,195706.0
2020-03-02 11:00:00,128.9,129.0,129.0,128.8,47518.0
2020-03-02 11:01:00,129.0,129.1,129.1,128.95,72607.0
2020-03-02 11:02:00,129.05,129.1,129.1,129.0,56836.0
2020-03-02 11:03:00,129.0,129.2,129.3,129.0,169173.0
2020-03-02 11:04:00,129.15,129.15,129.3,129.05,94123.0
2020-03-02 11:05:00,129.15,129.4,129.4,129.05,173051.0
2020-03-02 11:06:00,129.4,129.1,129.4,129.0,145398.0
2020-03-02 11:07:00,129.05,128.9,129.1,128.85,96322.0
2020-03-02 11:08:00,128.9,128.85,128.9,128.7,191540.0
2020-03-02 11:09:00,128.9,128.95,128.95,128.85,57899.0
2020-03-02 11:10:00,128.95,128.9,128.95,128.9,47434.0
2020-03-02 11:11:00,128.9,128.6,128.95,128.6,184576.0
2020-03-02 11:12:00,128.65,128.75,128.75,128.6,88677.0
2020-03-02 11:13:00,128.75,128.9,128.9,128.7,103738.0
2020-03-02 11:14:00,128.9,128.75,128.9,128.65,68056.0
2020-03-02 11:15:00,128.75,128.8,128.85,128.65,83887.0
2020-03-02 11:16:00,128.8,128.8,128.85,128.65,67126.0
2020-03-02 11:17:00,128.85,128.9,128.9,128.8,34780.0
2020-03-02 11:18:00,128.9,128.85,128.9,128.75,38442.0
2020-03-02 11:19:00,128.9,129.0,129.05,128.85,146123.0
2020-03-02 11:20:00,129.0,128.9,129.1,128.8,99071.0
2020-03-02 11:21:00,128.9,129.2,129.3,128.85,127245.0
2020-03-02 11:22:00,129.2,129.1,129.25,129.05,63349.0
2020-03-02 11:23:00,129.05,129.2,129.2,129.05,40085.0
2020-03-02 11:24:00,129.15,129.15,129.2,129.1,40492.0
2020-03-02 11:25:00,129.15,129.35,129.35,129.1,298836.0
2020-03-02 11:26:00,129.3,129.3,129.3,129.2,46609.0
2020-03-02 11:27:00,129.3,129.2,129.3,129.2,92871.0
2020-03-02 11:28:00,129.15,129.15,129.25,129.15,35152.0
2020-03-02 11:29:00,129.15,129.25,129.25,128.95,169439.0
2020-03-02 11:30:00,129.25,129.4,129.45,129.25,217378.0
2020-03-02 11:31:00,129.35,130.2,130.2,129.35,753013.0
2020-03-02 11:32:00,130.25,130.4,130.6,130.15,683832.0
2020-03-02 11:33:00,130.45,130.1,130.6,130.05,274966.0
2020-03-02 11:34:00,130.1,129.75,130.3,129.75,254218.0
2020-03-02 11:35:00,129.75,129.8,129.85,129.7,137550.0
2020-03-02 11:36:00,129.8,129.85,129.95,129.75,132358.0
2020-03-02 11:37:00,129.75,129.95,130.0,129.75,118189.0
2020-03-02 11:38:00,129.95,130.1,130.15,129.95,183615.0
2020-03-02 11:39:00,130.1,129.85,130.1,129.8,122093.0
2020-03-02 11:40:00,129.85,129.85,130.0,129.8,35772.0
2020-03-02 11:41:00,129.95,129.8,129.95,129.7,148799.0
2020-03-02 11:42:00,129.8,129.8,129.85,129.7,60021.0
2020-03-02 11:43:00,129.75,129.7,129.8,129.6,96418.0
2020-03-02 11:44:00,129.65,129.8,129.85,129.6,78640.0
2020-03-02 11:45:00,129.8,129.75,129.8,129.65,38468.0
2020-03-02 11:46:00,129.8,129.75,129.85,129.6,69993.0
2020-03-02 11:47:00,129.7,129.65,129.7,129.55,112099.0
2020-03-02 11:48:00,129.65,129.8,129.85,129.55,157214.0
2020-03-02 11:49:00,129.8,130.1,130.2,129.8,186931.0
2020-03-02 11:50:00,130.1,130.15,130.2,130.0,143234.0
2020-03-02 11:51:00,130.05,129.9,130.2,129.85,121264.0
2020-03-02 11:52:00,129.9,130.0,130.0,129.9,34258.0
2020-03-02 11:53:00,129.95,130.1,130.1,129.95,89448.0
2020-03-02 11:54:00,130.1,130.35,130.45,130.05,330388.0
2020-03-02 11:55:00,130.3,130.3,130.35,130.15,73960.0
2020-03-02 11:56:00,130.15,130.2,130.25,130.15,53503.0
2020-03-02 11:57:00,130.2,130.2,130.25,130.05,66338.0
2020-03-02 11:58:00,130.25,130.4,130.5,130.25,533849.0
2020-03-02 11:59:00,130.4,130.45,130.55,130.3,158980.0
2020-03-02 12:00:00,130.45,130.35,130.55,130.35,136090.0
2020-03-02 12:01:00,130.4,130.2,130.45,130.2,67130.0
2020-03-02 12:02:00,130.3,130.25,130.3,130.2,43732.0
2020-03-02 12:03:00,130.2,130.3,130.4,130.2,85378.0
2020-03-02 12:04:00,130.35,130.35,130.4,130.3,40323.0
2020-03-02 12:05:00,130.4,130.2,130.4,130.2,69687.0
2020-03-02 12:06:00,130.2,130.05,130.3,129.95,238304.0
2020-03-02 12:07:00,130.05,129.9,130.1,129.85,125471.0
2020-03-02 12:08:00,129.95,130.1,130.1,129.9,85621.0
2020-03-02 12:09:00,130.1,130.3,130.4,130.05,152730.0
2020-03-02 12:10:00,130.2,130.25,130.4,130.2,96147.0
2020-03-02 12:11:00,130.25,130.15,130.35,130.05,51818.0
2020-03-02 12:12:00,130.1,130.2,130.25,130.05,32705.0
2020-03-02 12:13:00,130.15,129.95,130.15,129.9,53989.0
2020-03-02 12:14:00,129.95,129.7,129.95,129.7,177444.0
2020-03-02 12:15:00,129.8,129.9,129.9,129.75,83227.0
2020-03-02 12:16:00,129.85,129.7,129.85,129.7,204541.0
2020-03-02 12:17:00,129.75,129.7,129.8,129.7,44705.0
2020-03-02 12:18:00,129.7,129.85,129.9,129.7,75518.0
2020-03-02 12:19:00,129.9,129.85,129.95,129.8,136270.0
2020-03-02 12:20:00,129.95,129.95,130.0,129.9,38106.0
2020-03-02 12:21:00,129.95,129.8,130.1,129.8,83272.0
2020-03-02 12:22:00,129.85,129.9,129.95,129.8,29330.0
2020-03-02 12:23:00,129.9,129.8,129.95,129.8,38961.0
2020-03-02 12:24:00,129.9,129.5,129.9,129.45,341599.0
2020-03-02 12:25:00,129.5,129.45,129.55,129.3,273552.0
2020-03-02 12:26:00,129.5,129.5,129.55,129.4,96187.0
2020-03-02 12:27:00,129.5,129.4,129.6,129.35,106716.0
2020-03-02 12:28:00,129.35,129.45,129.45,129.3,147887.0
2020-03-02 12:29:00,129.45,129.2,129.5,129.1,253578.0
2020-03-02 12:30:00,129.3,129.2,129.35,129.1,76938.0
2020-03-02 12:31:00,129.3,129.5,129.6,129.25,131793.0
2020-03-02 12:32:00,129.6,129.55,129.6,129.5,41403.0
2020-03-02 12:33:00,129.6,129.35,129.6,129.3,97783.0
2020-03-02 12:34:00,129.4,129.4,129.45,129.3,57325.0
2020-03-02 12:35:00,129.4,129.5,129.5,129.35,60757.0
2020-03-02 12:36:00,129.5,129.6,129.65,129.45,45656.0
2020-03-02 12:37:00,129.5,129.75,129.85,129.5,119715.0
2020-03-02 12:38:00,129.8,129.5,129.8,129.5,52193.0
2020-03-02 12:39:00,129.6,129.65,129.65,129.5,25601.0
2020-03-02 12:40:00,129.6,129.7,129.75,129.55,38622.0
2020-03-02 12:41:00,129.65,129.4,129.7,129.35,98622.0
2020-03-02 12:42:00,129.4,129.45,129.5,129.35,55711.0
2020-03-02 12:43:00,129.5,129.45,129.5,129.4,22058.0
2020-03-02 12:44:00,129.5,129.45,129.55,129.4,49412.0
2020-03-02 12:45:00,129.4,129.05,129.45,129.0,351047.0
2020-03-02 12:46:00,129.0,129.0,129.05,128.75,208726.0
2020-03-02 12:47:00,129.0,129.1,129.15,129.0,100955.0
2020-03-02 12:48:00,129.05,129.0,129.15,128.95,175418.0
2020-03-02 12:49:00,128.95,128.8,128.95,128.8,85024.0
2020-03-02 12:50:00,128.85,129.2,129.2,128.8,193483.0
2020-03-02 12:51:00,129.1,129.0,129.25,129.0,40345.0
2020-03-02 12:52:00,129.0,129.15,129.15,129.0,58308.0
2020-03-02 12:53:00,129.15,129.15,129.2,129.1,65208.0
2020-03-02 12:54:00,129.0,128.95,129.0,128.9,94113.0
2020-03-02 12:55:00,128.95,129.0,129.0,128.75,184518.0
2020-03-02 12:56:00,128.95,127.95,128.95,127.8,1725728.0
2020-03-02 12:57:00,127.95,128.0,128.2,127.9,429560.0
2020-03-02 12:58:00,128.0,127.95,128.0,127.8,343002.0
2020-03-02 12:59:00,127.85,128.0,128.0,127.8,394773.0
2020-03-02 13:00:00,127.95,127.05,128.0,126.45,1917500.0
2020-03-02 13:01:00,127.05,127.0,127.15,126.7,619545.0
2020-03-02 13:02:00,127.0,126.6,127.0,126.5,434668.0
2020-03-02 13:03:00,126.4,126.1,126.4,125.4,1295328.0
2020-03-02 13:04:00,125.85,125.75,126.0,125.35,755848.0
2020-03-02 13:05:00,125.75,126.0,126.0,125.5,400205.0
2020-03-02 13:06:00,126.0,126.45,126.5,126.0,419470.0
2020-03-02 13:07:00,126.4,126.65,126.7,126.15,474884.0
2020-03-02 13:08:00,126.65,126.6,126.65,126.3,264959.0
2020-03-02 13:09:00,126.6,126.65,126.8,126.45,209914.0
2020-03-02 13:10:00,126.7,126.7,127.1,126.5,477036.0
2020-03-02 13:11:00,126.7,126.0,126.85,125.95,764972.0
2020-03-02 13:12:00,126.0,126.0,126.0,125.85,549400.0
2020-03-02 13:13:00,125.95,126.2,126.3,125.95,166856.0
2020-03-02 13:14:00,126.2,126.65,126.7,126.2,125910.0
2020-03-02 13:15:00,126.6,127.35,127.4,126.6,451517.0
2020-03-02 13:16:00,127.4,127.85,127.85,127.2,469080.0
2020-03-02 13:17:00,127.8,127.6,127.95,127.5,320616.0
2020-03-02 13:18:00,127.6,127.4,127.6,127.25,176604.0
2020-03-02 13:19:00,127.4,127.35,127.55,127.25,141326.0
2020-03-02 13:20:00,127.4,127.55,127.55,127.4,160604.0
2020-03-02 13:21:00,127.55,127.8,127.85,127.5,186288.0
2020-03-02 13:22:00,127.8,128.25,128.55,127.7,700837.0
2020-03-02 13:23:00,128.25,128.1,128.25,127.85,252921.0
2020-03-02 13:24:00,128.1,128.25,128.25,128.05,190281.0
2020-03-02 13:25:00,128.25,128.45,128.6,128.1,233568.0
2020-03-02 13:26:00,128.45,128.6,128.65,128.15,258846.0
2020-03-02 13:27:00,128.65,128.3,128.75,128.2,210965.0
2020-03-02 13:28:00,128.4,128.45,128.5,128.15,220164.0
2020-03-02 13:29:00,128.4,128.5,128.6,128.35,213478.0
2020-03-02 13:30:00,128.5,127.8,128.5,127.8,281534.0
2020-03-02 13:31:00,127.9,128.1,128.3,127.75,254803.0
2020-03-02 13:32:00,128.1,128.3,128.4,127.95,208021.0
2020-03-02 13:33:00,128.35,128.1,128.6,128.1,335141.0
2020-03-02 13:34:00,128.2,128.2,128.3,128.1,85189.0
2020-03-02 13:35:00,128.2,128.3,128.35,128.2,89966.0
2020-03-02 13:36:00,128.25,128.0,128.3,127.9,127664.0
2020-03-02 13:37:00,127.95,128.25,128.3,127.8,158852.0
2020-03-02 13:38:00,128.3,128.25,128.45,128.2,101781.0
2020-03-02 13:39:00,128.25,128.45,128.5,128.2,104726.0
2020-03-02 13:40:00,128.5,128.45,128.75,128.45,259969.0
2020-03-02 13:41:00,128.45,128.55,128.6,128.4,98881.0
2020-03-02 13:42:00,128.5,130.0,130.0,128.4,2110923.0
2020-03-02 13:43:00,130.0,130.6,130.6,129.75,898797.0
2020-03-02 13:44:00,130.5,129.75,130.5,129.75,547002.0
2020-03-02 13:45:00,129.75,129.75,130.1,129.7,404512.0
2020-03-02 13:46:00,129.8,129.85,129.9,129.8,92401.0
2020-03-02 13:47:00,129.8,129.85,129.9,129.8,92401.0
2020-03-02 13:48:00,129.9,130.0,130.1,129.85,861972.0
2020-03-02 13:49:00,129.95,129.95,130.0,129.7,225735.0
2020-03-02 13:50:00,129.95,129.8,130.0,129.6,162915.0
2020-03-02 13:51:00,129.8,129.75,129.85,129.7,104053.0
2020-03-02 13:52:00,129.75,129.65,129.85,129.65,100434.0
2020-03-02 13:53:00,129.65,129.45,129.7,129.2,297938.0
2020-03-02 13:54:00,129.5,129.5,129.75,129.4,161782.0
2020-03-02 13:55:00,129.5,129.5,129.7,129.4,112008.0
2020-03-02 13:56:00,129.45,129.65,129.65,129.4,78957.0
2020-03-02 13:57:00,129.65,130.15,130.25,129.65,453564.0
2020-03-02 13:58:00,130.2,130.55,131.05,130.15,872852.0
2020-03-02 13:59:00,130.5,130.7,130.8,130.35,315521.0
2020-03-02 14:00:00,130.7,131.45,131.7,130.7,760339.0
2020-03-02 14:01:00,131.4,131.35,131.6,131.2,514842.0
2020-03-02 14:02:00,131.4,131.3,131.5,131.3,259042.0
2020-03-02 14:03:00,131.25,130.85,131.25,130.85,436200.0
2020-03-02 14:04:00,130.85,131.2,131.25,130.65,347828.0
2020-03-02 14:05:00,131.2,130.95,131.2,130.8,199684.0
2020-03-02 14:06:00,130.8,130.85,131.0,130.8,147354.0
2020-03-02 14:07:00,130.85,130.65,130.9,130.65,167791.0
2020-03-02 14:08:00,130.65,130.65,130.7,130.25,423204.0
2020-03-02 14:09:00,130.65,130.5,130.75,130.5,79034.0
2020-03-02 14:10:00,130.55,130.5,130.7,130.5,134917.0
2020-03-02 14:11:00,130.5,130.5,130.55,130.4,138043.0
2020-03-02 14:12:00,130.5,130.25,130.5,130.15,157936.0
2020-03-02 14:13:00,130.15,130.15,130.25,129.95,387249.0
2020-03-02 14:14:00,130.1,130.2,130.25,130.0,179060.0
2020-03-02 14:15:00,130.15,130.75,130.75,130.15,217408.0
2020-03-02 14:16:00,130.65,130.65,130.8,130.5,162562.0
2020-03-02 14:17:00,130.75,130.9,131.2,130.75,258013.0
2020-03-02 14:18:00,130.8,130.5,130.85,130.5,143237.0
2020-03-02 14:19:00,130.5,130.45,130.55,130.3,132735.0
2020-03-02 14:20:00,130.55,130.45,130.6,130.35,92712.0
2020-03-02 14:21:00,130.4,130.5,130.7,130.4,140808.0
2020-03-02 14:22:00,130.5,130.0,130.55,129.85,374407.0
2020-03-02 14:23:00,129.9,129.9,130.1,129.85,205885.0
2020-03-02 14:24:00,129.9,129.3,129.9,129.3,429448.0
2020-03-02 14:25:00,129.4,129.4,129.45,129.15,345541.0
2020-03-02 14:26:00,129.35,129.65,129.8,129.3,198704.0
2020-03-02 14:27:00,129.6,129.45,129.7,129.4,141998.0
2020-03-02 14:28:00,129.55,128.7,129.55,128.7,521452.0
2020-03-02 14:29:00,128.75,128.9,129.2,128.7,343698.0
2020-03-02 14:30:00,128.95,128.4,129.0,128.05,568918.0
2020-03-02 14:31:00,128.3,128.7,128.7,128.2,353040.0
2020-03-02 14:32:00,128.6,128.7,128.9,128.6,207919.0
2020-03-02 14:33:00,128.8,128.75,128.8,128.55,155647.0
2020-03-02 14:34:00,128.75,128.95,128.95,128.75,99663.0
2020-03-02 14:35:00,128.9,128.8,129.25,128.6,337904.0
2020-03-02 14:36:00,128.9,128.7,129.0,128.7,146353.0
2020-03-02 14:37:00,128.7,128.4,128.8,128.3,271481.0
2020-03-02 14:38:00,128.35,128.4,128.5,128.35,160368.0
2020-03-02 14:39:00,128.45,128.2,128.45,128.1,267596.0
2020-03-02 14:40:00,128.3,128.5,128.65,128.15,221090.0
2020-03-02 14:41:00,128.5,128.3,128.5,128.25,171318.0
2020-03-02 14:42:00,128.3,127.95,128.3,127.65,587556.0
2020-03-02 14:43:00,127.85,127.8,128.0,127.75,214121.0
2020-03-02 14:44:00,127.8,127.8,128.1,127.8,228666.0
2020-03-02 14:45:00,127.85,127.6,127.9,127.4,371530.0
2020-03-02 14:46:00,127.7,127.85,128.05,127.65,221007.0
2020-03-02 14:47:00,127.8,127.7,127.95,127.6,152078.0
2020-03-02 14:48:00,127.75,128.15,128.15,127.7,171287.0
2020-03-02 14:49:00,128.1,128.45,128.45,128.1,257281.0
2020-03-02 14:50:00,128.7,129.1,129.2,128.6,543039.0
2020-03-02 14:51:00,129.05,128.35,129.05,128.35,202674.0
2020-03-02 14:52:00,128.4,128.4,128.5,128.2,214979.0
2020-03-02 14:53:00,128.25,128.0,128.4,128.0,259986.0
2020-03-02 14:54:00,128.0,128.0,128.2,127.8,366740.0
2020-03-02 14:55:00,128.0,127.65,128.0,127.6,159249.0
2020-03-02 14:56:00,127.65,127.6,127.75,127.3,298222.0
2020-03-02 14:57:00,127.45,127.3,127.45,126.85,575708.0
2020-03-02 14:58:00,127.3,127.3,127.4,127.0,273006.0
2020-03-02 14:59:00,127.3,127.0,127.3,126.75,474849.0
2020-03-02 15:00:00,127.0,126.1,127.0,126.1,536676.0
2020-03-02 15:01:00,126.1,125.95,126.3,125.8,635510.0
2020-03-02 15:02:00,125.9,125.55,126.0,125.45,515406.0
2020-03-02 15:03:00,125.7,126.1,126.6,125.7,482438.0
2020-03-02 15:04:00,126.2,125.8,126.45,125.8,389810.0
2020-03-02 15:05:00,125.85,125.65,126.0,125.5,355380.0
2020-03-02 15:06:00,125.6,125.85,126.4,125.55,327433.0
2020-03-02 15:07:00,126.0,126.0,126.7,125.85,292169.0
2020-03-02 15:08:00,126.05,126.0,126.3,125.9,262962.0
2020-03-02 15:09:00,126.0,125.6,126.1,125.5,275473.0
2020-03-02 15:10:00,125.6,125.5,125.95,125.5,258204.0
2020-03-02 15:11:00,125.55,124.75,125.55,124.7,1038870.0
2020-03-02 15:12:00,124.8,124.6,124.9,124.5,410831.0
2020-03-02 15:13:00,124.65,124.05,124.65,124.0,589195.0
2020-03-02 15:14:00,124.0,124.3,124.7,123.8,477633.0
2020-03-02 15:15:00,124.35,124.05,124.45,123.9,514386.0
2020-03-02 15:16:00,124.15,124.15,124.4,123.9,372607.0
2020-03-02 15:17:00,124.1,124.8,124.9,124.1,354981.0
2020-03-02 15:18:00,124.75,125.35,125.5,124.75,466754.0
2020-03-02 15:19:00,125.45,126.2,126.2,125.2,472374.0
2020-03-02 15:20:00,126.3,126.15,126.7,126.0,313520.0
2020-03-02 15:21:00,126.3,125.85,126.45,125.85,337545.0
2020-03-02 15:22:00,125.85,126.0,126.1,125.4,306145.0
2020-03-02 15:23:00,126.0,125.5,126.1,125.1,905566.0
2020-03-02 15:24:00,125.7,125.25,126.0,125.15,175923.0
2020-03-02 15:25:00,125.25,125.4,125.5,125.25,104652.0
2020-03-02 15:26:00,125.4,125.1,125.4,125.0,122239.0
2020-03-02 15:27:00,125.1,125.3,125.3,125.0,188761.0
2020-03-02 15:28:00,125.25,125.25,125.35,125.1,171914.0
2020-03-02 15:29:00,125.2,125.25,125.3,124.95,184583.0
2020-03-03 09:15:00,127.3,128.6,129.75,127.3,184583.0
2020-03-03 09:16:00,128.55,129.35,129.75,128.55,952159.0
2020-03-03 09:17:00,129.55,129.85,130.15,129.2,871649.0
2020-03-03 09:18:00,129.8,130.05,130.2,129.7,554786.0
2020-03-03 09:19:00,130.0,129.5,130.05,129.15,471663.0
2020-03-03 09:20:00,129.3,128.9,129.7,128.65,571272.0
2020-03-03 09:21:00,129.0,129.7,129.8,128.9,361546.0
2020-03-03 09:22:00,129.75,128.7,129.75,128.65,715137.0
2020-03-03 09:23:00,128.7,128.9,129.0,128.3,841228.0
2020-03-03 09:24:00,128.85,128.1,128.95,128.1,450985.0
2020-03-03 09:25:00,128.1,128.2,128.7,128.05,625865.0
2020-03-03 09:26:00,128.2,127.95,128.35,127.8,688279.0
2020-03-03 09:27:00,127.95,128.25,128.45,127.95,369521.0
2020-03-03 09:28:00,128.25,128.0,128.7,128.0,527230.0
2020-03-03 09:29:00,128.0,128.15,128.3,127.7,500806.0
2020-03-03 09:30:00,128.0,128.45,128.55,128.0,383900.0
2020-03-03 09:31:00,128.3,128.15,128.8,128.15,489245.0
2020-03-03 09:32:00,128.2,128.1,128.4,128.0,267920.0
2020-03-03 09:33:00,128.05,127.8,128.2,127.8,357758.0
2020-03-03 09:34:00,127.9,127.3,128.05,127.25,695533.0
2020-03-03 09:35:00,127.3,127.5,127.75,127.15,735641.0
2020-03-03 09:36:00,127.5,127.8,127.9,127.4,349000.0
2020-03-03 09:37:00,127.75,127.5,127.85,127.4,348925.0
2020-03-03 09:38:00,127.55,127.5,127.7,127.05,425666.0
2020-03-03 09:39:00,127.65,126.95,127.65,126.7,1133513.0
2020-03-03 09:40:00,127.1,127.45,127.45,127.05,377727.0
2020-03-03 09:41:00,127.4,128.0,128.05,127.4,815038.0
2020-03-03 09:42:00,128.1,128.35,128.65,127.95,818667.0
2020-03-03 09:43:00,128.4,127.95,128.45,127.9,298731.0
2020-03-03 09:44:00,128.05,127.8,128.1,127.6,291604.0
2020-03-03 09:45:00,127.85,127.95,128.0,127.65,275057.0
2020-03-03 09:46:00,127.95,128.05,128.65,127.8,634765.0
2020-03-03 09:47:00,128.05,128.05,128.3,127.7,404764.0
2020-03-03 09:48:00,128.15,128.05,128.25,127.85,191730.0
2020-03-03 09:49:00,128.0,128.0,128.1,127.8,224571.0
2020-03-03 09:50:00,127.95,127.8,128.1,127.7,204964.0
2020-03-03 09:51:00,127.85,127.3,127.9,127.15,460317.0
2020-03-03 09:52:00,127.25,127.35,127.6,127.25,224754.0
2020-03-03 09:53:00,127.35,127.55,127.65,127.35,157223.0
2020-03-03 09:54:00,127.45,127.3,127.45,127.1,324326.0
2020-03-03 09:55:00,127.3,127.05,127.6,126.9,604616.0
2020-03-03 09:56:00,126.95,126.95,127.1,126.8,296672.0
2020-03-03 09:57:00,126.95,126.95,127.0,126.75,273934.0
2020-03-03 09:58:00,127.0,126.55,127.0,126.5,411974.0
2020-03-03 09:59:00,126.55,126.75,126.9,126.4,360209.0
2020-03-03 10:00:00,126.7,126.35,126.75,126.25,281593.0
2020-03-03 10:01:00,126.3,126.6,126.65,126.2,327287.0
2020-03-03 10:02:00,126.6,126.8,127.25,126.5,420651.0
2020-03-03 10:03:00,126.8,127.0,127.2,126.75,147830.0
2020-03-03 10:04:00,126.8,127.0,127.2,126.75,147830.0
2020-03-03 10:05:00,127.1,127.1,127.1,127.1,324558.0
2020-03-03 10:06:00,127.05,126.95,127.5,126.9,299058.0
2020-03-03 10:07:00,127.05,126.85,127.1,126.8,125054.0
2020-03-03 10:08:00,126.9,126.5,126.9,126.35,341641.0
2020-03-03 10:09:00,126.45,126.3,126.5,126.05,434966.0
2020-03-03 10:10:00,126.2,126.7,126.7,126.2,378240.0
2020-03-03 10:11:00,126.7,126.5,126.75,126.35,140208.0
2020-03-03 10:12:00,126.5,126.45,126.55,126.3,117806.0
2020-03-03 10:13:00,126.45,126.5,126.6,126.4,92221.0
2020-03-03 10:14:00,126.55,126.7,126.75,126.5,161597.0
2020-03-03 10:15:00,126.6,126.45,126.8,126.45,114964.0
2020-03-03 10:16:00,126.5,126.5,126.6,126.4,102557.0
2020-03-03 10:17:00,126.5,126.65,126.7,126.5,95084.0
2020-03-03 10:18:00,126.65,126.2,126.75,125.85,873023.0
2020-03-03 10:19:00,126.3,126.2,126.45,126.2,281549.0
2020-03-03 10:20:00,126.2,126.3,126.35,125.65,421977.0
2020-03-03 10:21:00,126.2,125.9,126.3,125.8,256243.0
2020-03-03 10:22:00,125.9,125.9,126.0,125.75,439457.0
2020-03-03 10:23:00,125.9,125.65,125.9,125.4,552010.0
2020-03-03 10:24:00,125.7,125.85,126.05,125.55,297472.0
2020-03-03 10:25:00,125.9,126.4,126.4,125.85,306056.0
2020-03-03 10:26:00,126.35,126.2,126.35,126.1,200868.0
2020-03-03 10:27:00,126.25,125.95,126.25,125.85,212800.0
2020-03-03 10:28:00,125.95,125.9,125.95,125.6,167849.0
2020-03-03 10:29:00,125.85,125.7,126.0,125.6,150815.0
2020-03-03 10:30:00,125.6,126.1,126.2,125.5,367203.0
2020-03-03 10:31:00,126.15,126.3,126.45,126.1,193229.0
2020-03-03 10:32:00,126.2,126.1,126.3,126.0,86702.0
2020-03-03 10:33:00,126.1,126.2,126.45,126.1,213592.0
2020-03-03 10:34:00,126.25,126.0,126.25,126.0,219663.0
2020-03-03 10:35:00,126.0,125.8,126.2,125.8,273794.0
2020-03-03 10:36:00,125.8,126.05,126.15,125.8,160955.0
2020-03-03 10:37:00,126.05,125.95,126.1,125.9,141156.0
2020-03-03 10:38:00,126.0,125.9,126.05,125.65,281398.0
2020-03-03 10:39:00,125.9,125.85,125.9,125.55,204888.0
2020-03-03 10:40:00,125.9,125.95,126.0,125.8,110613.0
2020-03-03 10:41:00,125.95,126.35,126.5,125.9,325819.0
2020-03-03 10:42:00,126.4,126.5,126.65,126.3,311386.0
2020-03-03 10:43:00,126.45,126.35,126.65,126.3,157769.0
2020-03-03 10:44:00,126.35,126.15,126.35,126.05,118591.0
2020-03-03 10:45:00,126.15,126.0,126.2,125.95,154338.0
2020-03-03 10:46:00,126.05,125.9,126.05,125.65,202948.0
2020-03-03 10:47:00,125.9,125.85,125.9,125.7,65713.0
2020-03-03 10:48:00,125.95,126.05,126.1,125.7,225539.0
2020-03-03 10:49:00,126.0,125.9,126.1,125.9,127567.0
2020-03-03 10:50:00,125.9,126.0,126.05,125.9,177709.0
2020-03-03 10:51:00,126.05,125.9,126.05,125.8,174138.0
2020-03-03 10:52:00,125.95,125.9,126.05,125.9,107632.0
2020-03-03 10:53:00,125.95,126.15,126.3,125.9,142766.0
2020-03-03 10:54:00,126.2,126.3,126.65,126.2,254208.0
2020-03-03 10:55:00,126.35,126.8,126.8,126.25,282163.0
2020-03-03 10:56:00,126.9,127.2,127.35,126.8,631289.0
2020-03-03 10:57:00,127.25,126.85,127.25,126.75,279143.0
2020-03-03 10:58:00,126.85,126.8,126.95,126.75,143444.0
2020-03-03 10:59:00,126.85,126.7,127.0,126.65,300847.0
2020-03-03 11:00:00,126.75,126.6,126.8,126.5,158233.0
2020-03-03 11:01:00,126.6,126.85,127.0,126.6,214387.0
2020-03-03 11:02:00,126.9,127.2,127.2,126.85,207786.0
2020-03-03 11:03:00,127.15,126.85,127.25,126.8,141846.0
2020-03-03 11:04:00,126.85,126.75,126.9,126.75,98109.0
2020-03-03 11:05:00,126.8,126.8,126.95,126.6,123202.0
2020-03-03 11:06:00,126.85,126.7,126.95,126.7,99790.0
2020-03-03 11:07:00,126.75,126.7,126.8,126.6,106042.0
2020-03-03 11:08:00,126.75,126.7,126.8,126.6,51710.0
2020-03-03 11:09:00,126.65,126.45,126.75,126.35,157148.0
2020-03-03 11:10:00,126.45,126.2,126.45,126.05,194772.0
2020-03-03 11:11:00,126.2,126.25,126.35,126.1,126633.0
2020-03-03 11:12:00,126.35,126.2,126.35,126.05,125451.0
2020-03-03 11:13:00,126.2,126.2,126.35,126.15,196009.0
2020-03-03 11:14:00,126.25,126.3,126.4,126.2,77117.0
2020-03-03 11:15:00,126.25,126.5,126.6,126.2,187105.0
2020-03-03 11:16:00,126.5,126.5,126.6,126.4,136521.0
2020-03-03 11:17:00,126.5,126.7,126.7,126.4,89485.0
2020-03-03 11:18:00,126.75,126.75,126.8,126.6,42072.0
2020-03-03 11:19:00,126.85,126.65,126.9,126.6,115591.0
2020-03-03 11:20:00,126.7,126.55,126.75,126.5,39205.0
2020-03-03 11:21:00,126.55,126.45,126.7,126.4,48583.0
2020-03-03 11:22:00,126.45,126.5,126.55,126.4,53400.0
2020-03-03 11:23:00,126.5,126.4,126.5,126.4,26144.0
2020-03-03 11:24:00,126.45,126.55,126.6,126.4,69616.0
2020-03-03 11:25:00,126.45,126.35,126.55,126.2,129263.0
2020-03-03 11:26:00,126.3,126.1,126.3,126.1,169685.0
2020-03-03 11:27:00,126.1,126.1,126.3,126.1,168489.0
2020-03-03 11:28:00,126.15,126.15,126.2,126.0,282606.0
2020-03-03 11:29:00,126.15,126.25,126.25,126.1,88952.0
2020-03-03 11:30:00,126.2,126.1,126.25,126.0,51442.0
2020-03-03 11:31:00,126.05,126.1,126.15,126.0,107917.0
2020-03-03 11:32:00,126.15,126.3,126.35,126.05,86093.0
2020-03-03 11:33:00,126.3,126.35,126.4,126.2,104447.0
2020-03-03 11:34:00,126.35,126.2,126.4,126.2,59527.0
2020-03-03 11:35:00,126.2,126.3,126.3,126.15,48430.0
2020-03-03 11:36:00,126.3,126.25,126.3,126.15,43220.0
2020-03-03 11:37:00,126.25,126.2,126.35,125.9,356250.0
2020-03-03 11:38:00,126.3,126.35,126.5,126.2,107614.0
2020-03-03 11:39:00,126.3,126.0,126.35,126.0,48457.0
2020-03-03 11:40:00,126.05,126.05,126.3,126.05,100389.0
2020-03-03 11:41:00,126.15,126.2,126.3,126.1,42048.0
2020-03-03 11:42:00,126.25,126.2,126.25,126.05,82382.0
2020-03-03 11:43:00,126.2,126.35,126.35,126.2,74730.0
2020-03-03 11:44:00,126.35,126.5,126.6,126.3,236620.0
2020-03-03 11:45:00,126.55,126.5,126.55,126.35,78691.0
2020-03-03 11:46:00,126.5,126.45,126.6,126.4,71122.0
2020-03-03 11:47:00,126.45,126.4,126.5,126.3,73039.0
2020-03-03 11:48:00,126.4,126.4,126.5,126.4,27051.0
2020-03-03 11:49:00,126.45,126.7,126.8,126.4,203669.0
2020-03-03 11:50:00,126.7,126.95,126.95,126.6,225475.0
2020-03-03 11:51:00,126.8,126.65,126.9,126.65,126967.0
2020-03-03 11:52:00,126.8,126.95,127.0,126.8,226070.0
2020-03-03 11:53:00,126.9,126.8,127.1,126.8,256366.0
2020-03-03 11:54:00,126.85,126.7,126.9,126.7,83262.0
2020-03-03 11:55:00,126.7,126.45,126.7,126.45,108040.0
2020-03-03 11:56:00,126.55,126.3,126.55,126.25,115396.0
2020-03-03 11:57:00,126.3,126.35,126.45,126.25,149914.0
2020-03-03 11:58:00,126.4,126.7,126.75,126.3,127238.0
2020-03-03 11:59:00,126.65,126.65,126.9,126.5,93702.0
2020-03-03 12:00:00,126.7,127.05,127.05,126.6,174538.0
2020-03-03 12:01:00,127.1,126.9,127.1,126.8,116373.0
2020-03-03 12:02:00,126.85,127.4,127.6,126.85,741690.0
2020-03-03 12:03:00,127.3,127.45,127.5,127.1,206306.0
2020-03-03 12:04:00,127.45,127.3,127.45,127.2,258772.0
2020-03-03 12:05:00,127.3,127.4,127.55,127.25,198786.0
2020-03-03 12:06:00,127.45,127.1,127.55,127.1,184095.0
2020-03-03 12:07:00,127.1,127.35,127.45,127.1,90704.0
2020-03-03 12:08:00,127.3,127.35,127.4,127.2,60513.0
2020-03-03 12:09:00,127.3,127.15,127.3,127.1,84136.0
2020-03-03 12:10:00,127.15,127.0,127.4,127.0,147161.0
2020-03-03 12:11:00,127.1,127.0,127.1,126.7,159817.0
2020-03-03 12:12:00,127.0,127.0,127.15,127.0,43582.0
2020-03-03 12:13:00,127.05,127.0,127.05,126.8,92502.0
2020-03-03 12:14:00,127.0,126.85,127.0,126.8,59785.0
2020-03-03 12:15:00,126.85,127.05,127.1,126.85,50840.0
2020-03-03 12:16:00,127.0,126.95,127.1,126.9,44629.0
2020-03-03 12:17:00,127.05,127.1,127.15,126.9,58054.0
2020-03-03 12:18:00,127.05,127.0,127.15,126.9,42092.0
2020-03-03 12:19:00,127.05,127.15,127.15,127.0,39614.0
2020-03-03 12:20:00,127.15,127.6,127.65,127.1,249562.0
2020-03-03 12:21:00,127.65,127.4,127.65,127.3,126311.0
2020-03-03 12:22:00,127.35,127.25,127.4,127.2,50420.0
2020-03-03 12:23:00,127.2,127.35,127.35,127.2,42391.0
2020-03-03 12:24:00,127.25,127.15,127.25,127.1,32369.0
2020-03-03 12:25:00,127.1,127.45,127.5,127.1,110978.0
2020-03-03 12:26:00,127.45,127.7,128.05,127.35,1138336.0
2020-03-03 12:27:00,127.75,128.2,128.3,127.75,302149.0
2020-03-03 12:28:00,128.2,128.15,128.25,128.0,231501.0
2020-03-03 12:29:00,128.2,128.1,128.2,128.0,156001.0
2020-03-03 12:30:00,128.1,128.1,128.2,128.0,139635.0
2020-03-03 12:31:00,128.05,128.1,128.2,128.0,147498.0
2020-03-03 12:32:00,128.2,127.7,128.2,127.65,260076.0
2020-03-03 12:33:00,127.7,127.65,127.75,127.5,142895.0
2020-03-03 12:34:00,127.7,127.8,127.8,127.65,109514.0
2020-03-03 12:35:00,127.8,127.4,128.0,127.3,275312.0
2020-03-03 12:36:00,127.5,127.25,127.5,127.15,161866.0
2020-03-03 12:37:00,127.25,127.15,127.4,127.1,191352.0
2020-03-03 12:38:00,127.15,127.35,127.45,127.1,70030.0
2020-03-03 12:39:00,127.45,127.4,127.6,127.35,64366.0
2020-03-03 12:40:00,127.45,127.45,127.45,127.3,47781.0
2020-03-03 12:41:00,127.5,127.45,127.65,127.45,102276.0
2020-03-03 12:42:00,127.45,127.75,127.9,127.4,210524.0
2020-03-03 12:43:00,127.8,127.8,128.0,127.75,144155.0
2020-03-03 12:44:00,127.9,127.8,127.9,127.7,101779.0
2020-03-03 12:45:00,127.8,127.75,127.8,127.6,85184.0
2020-03-03 12:46:00,127.75,127.75,128.0,127.75,168043.0
2020-03-03 12:47:00,127.75,127.6,127.85,127.5,93240.0
2020-03-03 12:48:00,127.5,127.55,127.65,127.5,51461.0
2020-03-03 12:49:00,127.65,127.65,127.7,127.55,32521.0
2020-03-03 12:50:00,127.7,127.9,127.9,127.6,48335.0
2020-03-03 12:51:00,127.9,127.45,127.9,127.4,165931.0
2020-03-03 12:52:00,127.45,127.55,127.55,127.35,81789.0
2020-03-03 12:53:00,127.5,127.35,127.55,127.35,70595.0
2020-03-03 12:54:00,127.15,127.3,127.4,127.15,185263.0
2020-03-03 12:55:00,127.35,127.2,127.4,127.2,53823.0
2020-03-03 12:56:00,127.25,127.45,127.45,127.2,54983.0
2020-03-03 12:57:00,127.45,127.85,127.85,127.35,138906.0
2020-03-03 12:58:00,127.85,128.3,128.5,127.75,596241.0
2020-03-03 12:59:00,128.4,128.0,128.5,127.9,274011.0
2020-03-03 13:00:00,128.0,127.65,128.0,127.6,186371.0
2020-03-03 13:01:00,127.55,127.55,127.8,127.55,81318.0
2020-03-03 13:02:00,127.6,127.5,127.65,127.45,133614.0
2020-03-03 13:03:00,127.45,127.4,127.6,127.35,168565.0
2020-03-03 13:04:00,127.45,127.3,127.5,127.3,136711.0
2020-03-03 13:05:00,127.25,127.35,127.5,127.25,88051.0
2020-03-03 13:06:00,127.4,127.3,127.5,127.2,239786.0
2020-03-03 13:07:00,127.2,126.85,127.25,126.7,520722.0
2020-03-03 13:08:00,126.7,126.7,127.0,126.7,175966.0
2020-03-03 13:09:00,126.7,126.6,126.75,126.4,343423.0
2020-03-03 13:10:00,126.7,127.05,127.05,126.6,222641.0
2020-03-03 13:11:00,127.05,127.0,127.3,126.85,168859.0
2020-03-03 13:12:00,127.0,127.05,127.05,126.8,97620.0
2020-03-03 13:13:00,127.0,126.9,127.1,126.75,102178.0
2020-03-03 13:14:00,126.8,126.85,127.1,126.75,78629.0
2020-03-03 13:15:00,126.85,126.8,127.0,126.7,84337.0
2020-03-03 13:16:00,126.7,126.65,126.8,126.5,146598.0
2020-03-03 13:17:00,126.65,126.45,126.65,126.3,208776.0
2020-03-03 13:18:00,126.45,126.65,126.65,126.4,97124.0
2020-03-03 13:19:00,126.7,126.4,126.7,126.25,266247.0
2020-03-03 13:20:00,126.35,126.5,126.5,126.25,105729.0
2020-03-03 13:21:00,126.5,126.6,126.9,126.45,157422.0
2020-03-03 13:22:00,126.7,126.8,126.8,126.6,75811.0
2020-03-03 13:23:00,126.85,126.7,126.85,126.7,35219.0
2020-03-03 13:24:00,126.7,126.9,127.0,126.7,86543.0
2020-03-03 13:25:00,127.0,127.05,127.2,126.95,169475.0
2020-03-03 13:26:00,127.05,127.0,127.05,126.8,121746.0
2020-03-03 13:27:00,127.0,126.75,127.1,126.7,142107.0
2020-03-03 13:28:00,126.8,126.85,126.9,126.75,52321.0
2020-03-03 13:29:00,126.85,126.75,126.85,126.75,24171.0
2020-03-03 13:30:00,126.75,126.55,126.85,126.4,163849.0
2020-03-03 13:31:00,126.55,126.85,126.9,126.55,56301.0
2020-03-03 13:32:00,126.85,126.5,126.85,126.5,67740.0
2020-03-03 13:33:00,126.55,126.55,126.75,126.5,37409.0
2020-03-03 13:34:00,126.55,126.65,126.7,126.4,120157.0
2020-03-03 13:35:00,126.65,126.4,126.65,126.4,77881.0
2020-03-03 13:36:00,126.4,126.55,126.7,126.4,98455.0
2020-03-03 13:37:00,126.5,126.35,126.6,126.35,72089.0
2020-03-03 13:38:00,126.4,126.4,126.5,126.05,267243.0
2020-03-03 13:39:00,126.4,126.5,126.65,126.3,114161.0
2020-03-03 13:40:00,126.5,126.8,126.8,126.3,135532.0
2020-03-03 13:41:00,126.8,127.0,127.1,126.75,338669.0
2020-03-03 13:42:00,127.1,126.9,127.1,126.8,156845.0
2020-03-03 13:43:00,126.95,126.85,127.0,126.8,47897.0
2020-03-03 13:44:00,126.9,127.2,127.2,126.8,189012.0
2020-03-03 13:45:00,127.2,127.1,127.2,126.8,223099.0
2020-03-03 13:46:00,127.1,127.05,127.1,126.9,74199.0
2020-03-03 13:47:00,127.0,127.5,127.5,127.0,332989.0
2020-03-03 13:48:00,127.6,127.5,127.6,127.2,230126.0
2020-03-03 13:49:00,127.5,127.5,127.55,127.35,122796.0
2020-03-03 13:50:00,127.5,127.45,127.5,127.2,150677.0
2020-03-03 13:51:00,127.5,127.25,127.5,127.2,75120.0
2020-03-03 13:52:00,127.3,127.25,127.45,127.15,93811.0
2020-03-03 13:53:00,127.2,127.2,127.25,127.1,79464.0
2020-03-03 13:54:00,127.2,127.0,127.25,126.9,141046.0
2020-03-03 13:55:00,126.9,126.85,127.0,126.85,69506.0
2020-03-03 13:56:00,126.9,127.0,127.2,126.85,141063.0
2020-03-03 13:57:00,127.0,126.8,127.05,126.75,106755.0
2020-03-03 13:58:00,126.9,126.6,126.95,126.6,155047.0
2020-03-03 13:59:00,126.65,126.65,126.75,126.55,78089.0
2020-03-03 14:00:00,126.7,126.8,126.85,126.65,52090.0
2020-03-03 14:01:00,126.7,126.75,126.8,126.6,64116.0
2020-03-03 14:02:00,126.8,127.5,127.5,126.7,266035.0
2020-03-03 14:03:00,127.45,127.2,127.5,127.2,182437.0
2020-03-03 14:04:00,127.2,127.3,127.5,127.2,138062.0
2020-03-03 14:05:00,127.15,127.1,127.25,127.0,136296.0
2020-03-03 14:06:00,127.2,127.2,127.2,126.95,107406.0
2020-03-03 14:07:00,127.3,127.3,127.4,127.15,124046.0
2020-03-03 14:08:00,127.3,127.3,127.35,127.1,50687.0
2020-03-03 14:09:00,127.3,127.4,127.75,127.25,340599.0
2020-03-03 14:10:00,127.35,127.3,127.6,127.3,151294.0
2020-03-03 14:11:00,127.3,127.4,127.45,127.2,74768.0
2020-03-03 14:12:00,127.4,127.5,127.5,127.25,99959.0
2020-03-03 14:13:00,127.5,127.45,127.6,127.35,60017.0
2020-03-03 14:14:00,127.4,126.95,127.45,126.8,190719.0
2020-03-03 14:15:00,127.0,126.9,127.05,126.7,135919.0
2020-03-03 14:16:00,126.9,126.85,127.0,126.7,159959.0
2020-03-03 14:17:00,126.9,126.8,126.9,126.5,297087.0
2020-03-03 14:18:00,126.85,126.75,126.9,126.7,55778.0
2020-03-03 14:19:00,126.8,126.9,127.0,126.65,98681.0
2020-03-03 14:20:00,126.95,126.8,126.95,126.6,64355.0
2020-03-03 14:21:00,126.8,126.75,126.8,126.65,51802.0
2020-03-03 14:22:00,126.8,126.75,127.0,126.65,85051.0
2020-03-03 14:23:00,126.8,126.7,126.8,126.65,37443.0
2020-03-03 14:24:00,126.8,126.75,126.85,126.5,220959.0
2020-03-03 14:25:00,126.7,126.95,126.95,126.7,87785.0
2020-03-03 14:26:00,126.95,126.95,127.1,126.85,108750.0
2020-03-03 14:27:00,126.95,126.95,127.0,126.75,63335.0
2020-03-03 14:28:00,126.95,127.15,127.2,126.85,143232.0
2020-03-03 14:29:00,127.15,127.2,127.3,127.05,117368.0
2020-03-03 14:30:00,127.2,127.6,127.65,127.0,454639.0
2020-03-03 14:31:00,127.6,127.4,127.65,127.4,111938.0
2020-03-03 14:32:00,127.4,127.4,127.4,127.3,74471.0
2020-03-03 14:33:00,127.4,127.2,127.4,127.15,55044.0
2020-03-03 14:34:00,127.2,127.2,127.3,127.1,88620.0
2020-03-03 14:35:00,127.3,127.45,127.5,127.1,186045.0
2020-03-03 14:36:00,127.45,127.5,127.55,127.3,133942.0
2020-03-03 14:37:00,127.55,127.35,127.6,127.35,79388.0
2020-03-03 14:38:00,127.4,127.45,127.65,127.35,98367.0
2020-03-03 14:39:00,127.5,128.15,128.3,127.35,520019.0
2020-03-03 14:40:00,128.15,128.1,128.3,127.8,231953.0
2020-03-03 14:41:00,128.25,128.7,128.8,128.2,791223.0
2020-03-03 14:42:00,128.8,128.85,129.15,128.8,530469.0
2020-03-03 14:43:00,128.75,128.75,129.0,128.65,277943.0
2020-03-03 14:44:00,128.8,129.35,129.6,128.8,601277.0
2020-03-03 14:45:00,129.35,130.3,130.4,129.35,1379074.0
2020-03-03 14:46:00,130.2,129.7,130.35,129.65,486790.0
2020-03-03 14:47:00,129.85,130.1,130.4,129.8,442399.0
2020-03-03 14:48:00,130.1,130.8,130.8,130.1,496390.0
2020-03-03 14:49:00,130.75,130.2,131.0,130.1,828647.0
2020-03-03 14:50:00,130.2,129.85,130.2,129.8,526628.0
2020-03-03 14:51:00,129.85,129.95,129.95,129.5,524975.0
2020-03-03 14:52:00,130.0,129.6,130.25,129.6,302110.0
2020-03-03 14:53:00,129.65,129.6,129.7,129.55,205682.0
2020-03-03 14:54:00,129.55,129.55,129.6,128.8,658512.0
2020-03-03 14:55:00,129.6,129.9,130.0,129.45,281943.0
2020-03-03 14:56:00,129.75,129.5,129.85,129.35,230466.0
2020-03-03 14:57:00,129.55,129.45,129.85,129.45,196574.0
2020-03-03 14:58:00,129.5,129.8,130.0,129.4,332622.0
2020-03-03 14:59:00,129.8,130.15,130.15,129.7,350151.0
2020-03-03 15:00:00,130.1,129.55,130.2,129.45,365194.0
2020-03-03 15:01:00,129.5,129.45,129.7,129.3,380256.0
2020-03-03 15:02:00,129.4,129.95,129.95,129.35,278355.0
2020-03-03 15:03:00,129.9,129.95,130.45,129.7,492440.0
2020-03-03 15:04:00,129.95,129.65,130.1,129.65,208612.0
2020-03-03 15:05:00,129.75,129.75,129.9,129.6,151147.0
2020-03-03 15:06:00,129.8,129.6,129.8,129.5,159995.0
2020-03-03 15:07:00,129.6,130.0,130.0,129.4,363110.0
2020-03-03 15:08:00,130.0,130.0,130.05,129.8,183396.0
2020-03-03 15:09:00,129.95,129.75,130.0,129.7,115146.0
2020-03-03 15:10:00,129.75,129.85,130.1,129.7,278797.0
2020-03-03 15:11:00,129.9,130.7,130.8,129.9,621224.0
2020-03-03 15:12:00,130.65,130.45,130.75,130.25,218207.0
2020-03-03 15:13:00,130.5,130.55,130.7,130.5,274883.0
2020-03-03 15:14:00,130.6,130.8,130.8,130.35,296734.0
2020-03-03 15:15:00,130.85,130.8,131.0,130.65,444958.0
2020-03-03 15:16:00,130.85,131.05,131.15,130.6,448962.0
2020-03-03 15:17:00,131.1,130.8,131.2,130.75,399044.0
2020-03-03 15:18:00,130.8,130.5,130.95,130.4,360060.0
2020-03-03 15:19:00,130.5,130.6,130.6,130.3,390934.0
2020-03-03 15:20:00,130.45,130.1,130.6,130.1,538695.0
2020-03-03 15:21:00,130.2,130.5,130.9,130.0,353999.0
2020-03-03 15:22:00,130.55,130.8,130.95,130.4,518346.0
2020-03-03 15:23:00,131.0,130.85,131.4,130.8,676625.0
2020-03-03 15:24:00,130.85,130.7,130.9,130.6,78531.0
2020-03-03 15:25:00,130.7,130.35,130.7,130.35,82240.0
2020-03-03 15:26:00,130.35,130.2,130.45,130.1,98825.0
2020-03-03 15:27:00,130.1,130.15,130.25,130.0,193205.0
2020-03-03 15:28:00,130.2,130.2,130.3,130.1,183370.0
2020-03-03 15:29:00,130.2,130.35,130.5,130.15,92831.0
2020-03-04 09:15:00,129.15,128.3,129.15,128.15,92831.0
2020-03-04 09:16:00,128.25,128.15,128.25,127.45,1565476.0
2020-03-04 09:17:00,128.1,127.75,128.1,127.5,1021990.0
2020-03-04 09:18:00,127.7,128.1,128.4,127.6,775778.0
2020-03-04 09:19:00,128.1,127.7,128.1,127.6,411638.0
2020-03-04 09:20:00,127.65,127.5,127.65,127.0,696261.0
2020-03-04 09:21:00,127.5,127.3,127.55,127.2,310198.0
2020-03-04 09:22:00,127.2,127.2,127.3,127.1,367620.0
2020-03-04 09:23:00,127.2,127.7,127.7,127.0,496068.0
2020-03-04 09:24:00,127.65,127.4,127.9,127.4,338380.0
2020-03-04 09:25:00,127.4,127.8,127.8,127.25,302339.0
2020-03-04 09:26:00,127.7,127.9,128.1,127.7,398277.0
2020-03-04 09:27:00,127.95,127.7,128.0,127.55,264374.0
2020-03-04 09:28:00,127.65,127.55,127.85,127.55,211855.0
2020-03-04 09:29:00,127.5,127.65,127.75,127.5,163998.0
2020-03-04 09:30:00,127.7,127.7,127.95,127.6,194559.0
2020-03-04 09:31:00,127.7,126.6,127.7,126.6,1071687.0
2020-03-04 09:32:00,126.75,126.85,126.95,126.5,649475.0
2020-03-04 09:33:00,126.8,126.8,127.05,126.7,308784.0
2020-03-04 09:34:00,126.8,126.65,126.85,126.5,293761.0
2020-03-04 09:35:00,126.65,126.65,127.0,126.6,252018.0
2020-03-04 09:36:00,126.65,126.4,126.65,126.3,536388.0
2020-03-04 09:37:00,126.45,126.9,126.9,126.4,350694.0
2020-03-04 09:38:00,126.85,126.8,126.85,126.6,163157.0
2020-03-04 09:39:00,126.85,126.75,126.9,126.35,305189.0
2020-03-04 09:40:00,126.65,126.7,126.85,126.55,180011.0
2020-03-04 09:41:00,126.75,126.95,127.0,126.6,297600.0
2020-03-04 09:42:00,126.95,127.05,127.2,126.75,316664.0
2020-03-04 09:43:00,127.1,127.2,127.2,127.0,300223.0
2020-03-04 09:44:00,127.2,126.95,127.2,126.85,235286.0
2020-03-04 09:45:00,126.9,126.75,127.0,126.7,188932.0
2020-03-04 09:46:00,126.65,126.7,126.85,126.6,163938.0
2020-03-04 09:47:00,126.8,126.85,126.9,126.7,146279.0
2020-03-04 09:48:00,126.85,127.6,127.65,126.85,496128.0
2020-03-04 09:49:00,127.6,127.35,127.6,127.3,98284.0
2020-03-04 09:50:00,127.6,127.35,127.6,127.3,98284.0
2020-03-04 09:51:00,127.05,127.05,127.05,127.05,577473.0
2020-03-04 09:52:00,127.05,127.3,127.35,127.05,87599.0
2020-03-04 09:53:00,127.3,127.5,127.5,127.15,250674.0
2020-03-04 09:54:00,127.45,127.4,127.55,127.3,141357.0
2020-03-04 09:55:00,127.4,127.2,127.4,127.15,96992.0
2020-03-04 09:56:00,127.2,127.45,127.5,127.2,79484.0
2020-03-04 09:57:00,127.45,127.6,127.65,127.4,226815.0
2020-03-04 09:58:00,127.65,127.45,127.65,127.35,193671.0
2020-03-04 09:59:00,127.5,127.4,127.5,127.35,87883.0
2020-03-04 10:00:00,127.45,127.25,127.45,127.1,135121.0
2020-03-04 10:01:00,127.25,127.3,127.35,127.2,89421.0
2020-03-04 10:02:00,127.3,127.6,127.6,127.25,127179.0
2020-03-04 10:03:00,127.6,127.4,127.6,127.35,72850.0
2020-03-04 10:04:00,127.5,127.45,127.5,127.4,100965.0
2020-03-04 10:05:00,127.45,127.25,127.45,127.2,133063.0
2020-03-04 10:06:00,127.25,127.1,127.25,126.85,395787.0
2020-03-04 10:07:00,127.05,127.0,127.1,126.95,116875.0
2020-03-04 10:08:00,127.1,126.95,127.1,126.75,243631.0
2020-03-04 10:09:00,126.9,127.0,127.1,126.9,109299.0
2020-03-04 10:10:00,127.0,126.85,127.0,126.75,155332.0
2020-03-04 10:11:00,126.9,127.05,127.05,126.8,96530.0
2020-03-04 10:12:00,127.05,127.0,127.1,126.95,112701.0
2020-03-04 10:13:00,126.95,127.0,127.05,126.9,54110.0
2020-03-04 10:14:00,127.0,126.8,127.05,126.7,161415.0
2020-03-04 10:15:00,126.9,126.6,126.9,126.55,200825.0
2020-03-04 10:16:00,126.65,126.7,126.75,126.4,456211.0
2020-03-04 10:17:00,126.7,126.65,126.75,126.55,132425.0
2020-03-04 10:18:00,126.65,126.6,126.7,126.5,157459.0
2020-03-04 10:19:00,126.55,126.55,126.7,126.55,118737.0
2020-03-04 10:20:00,126.65,125.95,126.65,125.85,954843.0
2020-03-04 10:21:00,126.0,126.2,126.25,125.85,409754.0
2020-03-04 10:22:00,126.2,126.35,126.5,126.0,333597.0
2020-03-04 10:23:00,126.5,126.5,126.55,126.2,308863.0
2020-03-04 10:24:00,126.5,126.55,126.55,126.4,196650.0
2020-03-04 10:25:00,126.55,126.3,126.6,126.3,352711.0
2020-03-04 10:26:00,126.2,125.9,126.3,125.7,642010.0
2020-03-04 10:27:00,125.85,125.8,125.95,125.5,527495.0
2020-03-04 10:28:00,125.7,126.1,126.2,125.7,207182.0
2020-03-04 10:29:00,126.0,126.3,126.35,126.0,171684.0
2020-03-04 10:30:00,126.25,126.35,126.45,126.1,137320.0
2020-03-04 10:31:00,126.45,126.3,126.45,126.3,64619.0
2020-03-04 10:32:00,126.35,126.2,126.35,126.05,121034.0
2020-03-04 10:33:00,126.1,126.15,126.2,125.85,168613.0
2020-03-04 10:34:00,126.0,125.95,126.1,125.75,144944.0
2020-03-04 10:35:00,126.0,126.15,126.25,125.9,101969.0
2020-03-04 10:36:00,126.15,126.3,126.4,126.15,127866.0
2020-03-04 10:37:00,126.25,126.4,126.45,126.25,102978.0
2020-03-04 10:38:00,126.35,126.1,126.4,126.05,50609.0
2020-03-04 10:39:00,126.1,125.9,126.15,125.8,143197.0
2020-03-04 10:40:00,125.9,126.0,126.0,125.85,109718.0
2020-03-04 10:41:00,126.0,125.95,126.1,125.8,104633.0
2020-03-04 10:42:00,125.95,126.0,126.05,125.8,155134.0
2020-03-04 10:43:00,126.0,126.05,126.1,125.9,200017.0
2020-03-04 10:44:00,126.0,125.8,126.1,125.8,179238.0
2020-03-04 10:45:00,125.8,125.9,125.9,125.75,138686.0
2020-03-04 10:46:00,125.85,125.85,126.0,125.8,134383.0
2020-03-04 10:47:00,125.6,125.5,125.7,125.4,449673.0
2020-03-04 10:48:00,125.55,125.6,125.7,125.3,375133.0
2020-03-04 10:49:00,125.6,125.6,125.6,125.5,76119.0
2020-03-04 10:50:00,125.55,125.55,125.7,125.5,161469.0
2020-03-04 10:51:00,125.5,125.8,125.8,125.5,182254.0
2020-03-04 10:52:00,125.7,125.65,125.7,125.45,317163.0
2020-03-04 10:53:00,125.55,125.6,125.65,125.4,241670.0
2020-03-04 10:54:00,125.6,125.8,125.8,125.55,121076.0
2020-03-04 10:55:00,125.8,125.6,125.8,125.6,104219.0
2020-03-04 10:56:00,125.55,126.05,126.15,125.55,349614.0
2020-03-04 10:57:00,126.0,125.9,126.3,125.85,200179.0
2020-03-04 10:58:00,125.85,125.8,125.9,125.75,69151.0
2020-03-04 10:59:00,125.7,125.6,125.75,125.55,108765.0
2020-03-04 11:00:00,125.6,125.7,125.8,125.55,77721.0
2020-03-04 11:01:00,125.65,125.9,125.9,125.65,97401.0
2020-03-04 11:02:00,125.8,125.9,126.0,125.8,151787.0
2020-03-04 11:03:00,125.85,125.6,125.9,125.5,259760.0
2020-03-04 11:04:00,125.6,125.5,125.65,125.3,247316.0
2020-03-04 11:05:00,125.6,125.55,125.6,125.4,123545.0
2020-03-04 11:06:00,125.5,125.6,125.6,125.4,127469.0
2020-03-04 11:07:00,125.55,125.65,125.8,125.5,152098.0
2020-03-04 11:08:00,125.7,125.55,125.8,125.45,87928.0
2020-03-04 11:09:00,125.6,125.65,125.7,125.5,49422.0
2020-03-04 11:10:00,125.6,125.5,125.6,125.3,241066.0
2020-03-04 11:11:00,125.45,125.7,125.8,125.45,172967.0
2020-03-04 11:12:00,125.7,125.8,125.85,125.65,134376.0
2020-03-04 11:13:00,125.75,125.35,125.8,125.35,156718.0
2020-03-04 11:14:00,125.3,125.5,125.55,125.3,61919.0
2020-03-04 11:15:00,125.5,125.5,125.65,125.45,72924.0
2020-03-04 11:16:00,125.5,125.6,125.7,125.45,70545.0
2020-03-04 11:17:00,125.6,125.6,125.7,125.6,70492.0
2020-03-04 11:18:00,125.6,125.9,126.0,125.6,335101.0
2020-03-04 11:19:00,125.95,126.0,126.0,125.85,75756.0
2020-03-04 11:20:00,125.95,125.9,125.95,125.75,115227.0
2020-03-04 11:21:00,125.85,125.9,126.0,125.85,119533.0
2020-03-04 11:22:00,125.9,125.9,125.9,125.8,33439.0
2020-03-04 11:23:00,125.9,125.9,126.0,125.85,90396.0
2020-03-04 11:24:00,125.9,125.65,125.95,125.65,133461.0
2020-03-04 11:25:00,125.65,125.6,125.75,125.6,78892.0
2020-03-04 11:26:00,125.65,125.8,125.8,125.5,120648.0
2020-03-04 11:27:00,125.75,125.75,125.8,125.7,39998.0
2020-03-04 11:28:00,125.7,126.0,126.0,125.65,157542.0
2020-03-04 11:29:00,125.95,125.95,126.1,125.9,165948.0
2020-03-04 11:30:00,125.9,125.9,126.0,125.8,45556.0
2020-03-04 11:31:00,125.95,126.1,126.2,125.9,227766.0
2020-03-04 11:32:00,126.05,126.05,126.2,126.0,172756.0
2020-03-04 11:33:00,126.0,126.05,126.1,126.0,31601.0
2020-03-04 11:34:00,126.0,125.8,126.05,125.8,219691.0
2020-03-04 11:35:00,125.75,125.9,125.95,125.75,36239.0
2020-03-04 11:36:00,125.9,126.1,126.1,125.9,111307.0
2020-03-04 11:37:00,126.05,126.0,126.1,125.9,34127.0
2020-03-04 11:38:00,126.0,125.85,126.0,125.85,107118.0
2020-03-04 11:39:00,125.85,125.7,125.9,125.7,130957.0
2020-03-04 11:40:00,125.7,125.8,125.8,125.6,173312.0
2020-03-04 11:41:00,125.75,125.75,125.85,125.7,43523.0
2020-03-04 11:42:00,125.75,125.65,125.8,125.6,55264.0
2020-03-04 11:43:00,125.6,125.5,125.7,125.4,315095.0
2020-03-04 11:44:00,125.45,125.55,125.55,125.45,57812.0
2020-03-04 11:45:00,125.5,125.5,125.6,125.5,40839.0
2020-03-04 11:46:00,125.5,125.5,125.55,125.4,102313.0
2020-03-04 11:47:00,125.45,125.6,125.65,125.45,84745.0
2020-03-04 11:48:00,125.6,125.7,125.75,125.6,76275.0
2020-03-04 11:49:00,125.65,125.55,125.7,125.4,150232.0
2020-03-04 11:50:00,125.5,125.3,125.6,125.1,434053.0
2020-03-04 11:51:00,125.2,124.9,125.25,124.9,778245.0
2020-03-04 11:52:00,124.95,125.1,125.2,124.9,233917.0
2020-03-04 11:53:00,125.15,125.1,125.15,125.0,133739.0
2020-03-04 11:54:00,125.05,125.25,125.25,125.05,126456.0
2020-03-04 11:55:00,125.2,125.1,125.3,125.05,143991.0
2020-03-04 11:56:00,125.1,125.15,125.2,125.1,69572.0
2020-03-04 11:57:00,125.1,125.0,125.15,125.0,123340.0
2020-03-04 11:58:00,125.1,125.1,125.2,125.0,66673.0
2020-03-04 11:59:00,125.05,125.0,125.1,125.0,168222.0
2020-03-04 12:00:00,125.0,125.1,125.2,125.0,150499.0
2020-03-04 12:01:00,125.1,125.4,125.4,125.1,135189.0
2020-03-04 12:02:00,125.4,125.35,125.45,125.3,86313.0
2020-03-04 12:03:00,125.3,125.15,125.35,125.15,51080.0
2020-03-04 12:04:00,125.15,125.05,125.2,125.05,75650.0
2020-03-04 12:05:00,125.0,125.05,125.15,125.0,69298.0
2020-03-04 12:06:00,125.0,125.2,125.2,125.0,67823.0
2020-03-04 12:07:00,125.2,124.75,125.2,124.75,471153.0
2020-03-04 12:08:00,124.85,124.7,124.9,124.6,295308.0
2020-03-04 12:09:00,124.7,124.65,124.8,124.6,146251.0
2020-03-04 12:10:00,124.7,124.5,124.75,124.5,295167.0
2020-03-04 12:11:00,124.55,124.45,124.55,124.25,429178.0
2020-03-04 12:12:00,124.4,124.55,124.55,124.1,539957.0
2020-03-04 12:13:00,124.6,124.65,124.7,124.4,263191.0
2020-03-04 12:14:00,124.65,124.5,124.75,124.5,242371.0
2020-03-04 12:15:00,124.5,124.45,124.6,124.15,299222.0
2020-03-04 12:16:00,124.35,124.35,124.5,124.35,115152.0
2020-03-04 12:17:00,124.4,124.35,124.4,124.3,83826.0
2020-03-04 12:18:00,124.3,124.3,124.35,124.1,274451.0
2020-03-04 12:19:00,124.3,124.25,124.35,124.2,256176.0
2020-03-04 12:20:00,124.3,124.45,124.5,124.25,113793.0
2020-03-04 12:21:00,124.55,124.7,124.7,124.5,114912.0
2020-03-04 12:22:00,124.6,124.55,124.65,124.45,139242.0
2020-03-04 12:23:00,124.5,124.7,124.7,124.45,92766.0
2020-03-04 12:24:00,124.65,124.7,124.8,124.55,170678.0
2020-03-04 12:25:00,124.7,124.75,124.8,124.65,136332.0
2020-03-04 12:26:00,124.75,124.7,124.75,124.65,55585.0
2020-03-04 12:27:00,124.7,124.45,124.7,124.4,97614.0
2020-03-04 12:28:00,124.4,124.3,124.5,124.25,143289.0
2020-03-04 12:29:00,124.3,124.25,124.4,124.25,153117.0
2020-03-04 12:30:00,124.2,124.5,124.75,124.2,285694.0
2020-03-04 12:31:00,124.4,124.4,124.5,124.35,53412.0
2020-03-04 12:32:00,124.4,124.4,124.45,124.3,101658.0
2020-03-04 12:33:00,124.4,124.5,124.65,124.3,138656.0
2020-03-04 12:34:00,124.45,124.4,124.6,124.3,90777.0
2020-03-04 12:35:00,124.3,124.6,124.6,124.3,65205.0
2020-03-04 12:36:00,124.55,124.4,124.6,124.35,115838.0
2020-03-04 12:37:00,124.35,124.5,124.55,124.35,45307.0
2020-03-04 12:38:00,124.4,124.5,124.6,124.4,24295.0
2020-03-04 12:39:00,124.55,124.65,124.75,124.55,170723.0
2020-03-04 12:40:00,124.65,124.55,124.65,124.45,69085.0
2020-03-04 12:41:00,124.55,124.45,124.55,124.4,47447.0
2020-03-04 12:42:00,124.45,124.3,124.55,124.2,194287.0
2020-03-04 12:43:00,124.2,124.3,124.35,124.15,127259.0
2020-03-04 12:44:00,124.3,124.45,124.5,124.25,73589.0
2020-03-04 12:45:00,124.45,124.65,124.7,124.4,126745.0
2020-03-04 12:46:00,124.55,124.65,124.9,124.5,200712.0
2020-03-04 12:47:00,124.7,124.7,124.8,124.65,66847.0
2020-03-04 12:48:00,124.7,124.55,124.7,124.5,73537.0
2020-03-04 12:49:00,124.5,124.5,124.6,124.45,98200.0
2020-03-04 12:50:00,124.45,124.5,124.6,124.45,63229.0
2020-03-04 12:51:00,124.6,124.55,124.6,124.5,24312.0
2020-03-04 12:52:00,124.4,124.4,124.45,124.3,128215.0
2020-03-04 12:53:00,124.4,124.2,124.5,124.15,266097.0
2020-03-04 12:54:00,124.15,123.85,124.3,123.75,856002.0
2020-03-04 12:55:00,123.85,123.8,124.0,123.7,372544.0
2020-03-04 12:56:00,123.85,123.6,123.95,123.55,262145.0
2020-03-04 12:57:00,123.6,123.8,123.85,123.55,326020.0
2020-03-04 12:58:00,123.75,123.95,124.0,123.75,237985.0
2020-03-04 12:59:00,123.95,123.95,124.0,123.85,116868.0
2020-03-04 13:00:00,124.0,123.35,124.0,123.35,575517.0
2020-03-04 13:01:00,123.3,123.65,123.65,123.3,247371.0
2020-03-04 13:02:00,123.65,123.55,123.8,123.55,158366.0
2020-03-04 13:03:00,123.55,123.5,123.7,123.35,224555.0
2020-03-04 13:04:00,123.45,123.7,123.8,123.45,223218.0
2020-03-04 13:05:00,123.65,123.6,123.75,123.6,92864.0
2020-03-04 13:06:00,123.65,123.55,123.7,123.55,65857.0
2020-03-04 13:07:00,123.55,123.45,123.6,123.4,143064.0
2020-03-04 13:08:00,123.4,123.15,123.6,123.15,385390.0
2020-03-04 13:09:00,123.05,123.0,123.4,123.0,595378.0
2020-03-04 13:10:00,123.05,122.95,123.1,122.8,656065.0
2020-03-04 13:11:00,123.0,123.05,123.15,122.8,290951.0
2020-03-04 13:12:00,123.05,122.85,123.1,122.55,360451.0
2020-03-04 13:13:00,122.8,122.95,123.1,122.75,410628.0
2020-03-04 13:14:00,122.9,122.9,123.0,122.8,210862.0
2020-03-04 13:15:00,122.9,122.9,123.0,122.8,110270.0
2020-03-04 13:16:00,122.9,122.85,122.95,122.75,171244.0
2020-03-04 13:17:00,122.9,122.8,122.9,122.75,93863.0
2020-03-04 13:18:00,122.85,122.35,122.9,122.1,662415.0
2020-03-04 13:19:00,122.25,122.25,122.55,122.1,526536.0
2020-03-04 13:20:00,122.2,122.5,122.5,122.2,348697.0
2020-03-04 13:21:00,122.45,122.55,122.7,122.4,160313.0
2020-03-04 13:22:00,122.55,122.7,122.7,122.45,221963.0
2020-03-04 13:23:00,122.7,122.7,122.7,122.5,158338.0
2020-03-04 13:24:00,122.65,122.85,122.95,122.6,220507.0
2020-03-04 13:25:00,122.85,123.0,123.2,122.8,418837.0
2020-03-04 13:26:00,122.95,123.05,123.25,122.9,250167.0
2020-03-04 13:27:00,123.05,123.0,123.05,122.8,195670.0
2020-03-04 13:28:00,122.9,122.75,123.0,122.7,80969.0
2020-03-04 13:29:00,122.8,122.5,122.8,122.5,197719.0
2020-03-04 13:30:00,122.5,122.0,122.5,121.9,871609.0
2020-03-04 13:31:00,122.0,121.9,122.05,121.65,631451.0
2020-03-04 13:32:00,121.9,122.0,122.2,121.9,377915.0
2020-03-04 13:33:00,121.95,122.2,122.2,121.95,192672.0
2020-03-04 13:34:00,122.1,122.1,122.2,122.0,230778.0
2020-03-04 13:35:00,122.1,122.0,122.15,121.8,549854.0
2020-03-04 13:36:00,122.1,121.85,122.1,121.75,241232.0
2020-03-04 13:37:00,121.85,122.1,122.1,121.7,429479.0
2020-03-04 13:38:00,122.05,121.95,122.15,121.65,544532.0
2020-03-04 13:39:00,121.95,121.65,122.0,121.6,220155.0
2020-03-04 13:40:00,121.45,121.6,121.8,121.45,440675.0
2020-03-04 13:41:00,121.7,121.45,121.7,121.25,309125.0
2020-03-04 13:42:00,121.45,121.55,121.7,121.35,399135.0
2020-03-04 13:43:00,121.45,121.1,121.5,120.75,1195276.0
2020-03-04 13:44:00,121.0,121.05,121.4,120.95,750966.0
2020-03-04 13:45:00,121.1,121.45,121.55,121.0,477818.0
2020-03-04 13:46:00,121.45,121.5,121.6,121.3,351918.0
2020-03-04 13:47:00,121.35,121.4,121.45,121.2,154612.0
2020-03-04 13:48:00,121.35,121.4,121.45,121.2,154612.0
2020-03-04 13:49:00,122.1,122.2,122.45,122.0,1349376.0
2020-03-04 13:50:00,122.4,122.3,122.8,122.25,545929.0
2020-03-04 13:51:00,122.4,122.45,122.55,122.3,302995.0
2020-03-04 13:52:00,122.5,122.8,122.8,122.4,228586.0
2020-03-04 13:53:00,122.9,122.55,122.9,122.4,313151.0
2020-03-04 13:54:00,122.5,122.25,122.55,122.2,281511.0
2020-03-04 13:55:00,122.2,122.3,122.3,121.9,288251.0
2020-03-04 13:56:00,122.2,122.2,122.3,122.1,110875.0
2020-03-04 13:57:00,122.2,121.95,122.25,121.8,275910.0
2020-03-04 13:58:00,122.0,122.05,122.15,121.9,96706.0
2020-03-04 13:59:00,122.1,122.15,122.25,122.0,112445.0
2020-03-04 14:00:00,122.15,122.4,122.6,122.15,219106.0
2020-03-04 14:01:00,122.45,122.35,122.45,122.2,125111.0
2020-03-04 14:02:00,122.45,122.45,122.6,122.3,227575.0
2020-03-04 14:03:00,122.55,122.4,122.65,122.4,161590.0
2020-03-04 14:04:00,122.35,122.3,122.45,122.25,88175.0
2020-03-04 14:05:00,122.4,122.05,122.4,122.0,302456.0
2020-03-04 14:06:00,122.1,121.95,122.25,121.95,153594.0
2020-03-04 14:07:00,121.9,122.0,122.1,121.85,145371.0
2020-03-04 14:08:00,122.0,122.0,122.05,122.0,89077.0
2020-03-04 14:09:00,122.1,122.1,122.25,121.9,165734.0
2020-03-04 14:10:00,122.1,122.15,122.25,122.0,76198.0
2020-03-04 14:11:00,122.15,122.4,122.5,122.1,166026.0
2020-03-04 14:12:00,122.35,122.1,122.35,122.1,101130.0
2020-03-04 14:13:00,122.1,122.35,122.4,122.1,64782.0
2020-03-04 14:14:00,122.35,122.55,122.55,122.2,253036.0
2020-03-04 14:15:00,122.55,122.45,122.6,122.4,141735.0
2020-03-04 14:16:00,122.4,122.45,122.55,122.4,70768.0
2020-03-04 14:17:00,122.45,122.8,122.85,122.45,265375.0
2020-03-04 14:18:00,122.8,122.75,122.85,122.7,178900.0
2020-03-04 14:19:00,122.75,123.05,123.05,122.7,480862.0
2020-03-04 14:20:00,123.0,123.15,123.35,123.0,512438.0
2020-03-04 14:21:00,123.15,123.4,123.6,123.1,658084.0
2020-03-04 14:22:00,123.4,123.15,123.4,123.05,327195.0
2020-03-04 14:23:00,123.1,122.7,123.1,122.55,412032.0
2020-03-04 14:24:00,122.7,122.75,122.9,122.7,175650.0
2020-03-04 14:25:00,122.8,122.9,123.1,122.75,260976.0
2020-03-04 14:26:00,122.9,123.15,123.2,122.85,134612.0
2020-03-04 14:27:00,123.15,122.9,123.15,122.9,65208.0
2020-03-04 14:28:00,122.95,123.2,123.4,122.9,237401.0
2020-03-04 14:29:00,123.2,123.1,123.4,123.1,128955.0
2020-03-04 14:30:00,123.1,123.2,123.4,123.0,204898.0
2020-03-04 14:31:00,123.1,123.0,123.15,122.85,177694.0
2020-03-04 14:32:00,122.9,122.9,123.0,122.8,139484.0
2020-03-04 14:33:00,122.85,123.25,123.3,122.8,275659.0
2020-03-04 14:34:00,123.25,123.1,123.3,123.1,130995.0
2020-03-04 14:35:00,123.15,123.2,123.25,123.1,81023.0
2020-03-04 14:36:00,123.25,123.05,123.25,123.05,97559.0
2020-03-04 14:37:00,123.1,123.0,123.2,122.9,157457.0
2020-03-04 14:38:00,123.1,122.85,123.1,122.85,116329.0
2020-03-04 14:39:00,122.9,122.9,122.9,122.7,171673.0
2020-03-04 14:40:00,122.9,123.0,123.1,122.75,217865.0
2020-03-04 14:41:00,122.9,123.1,123.1,122.85,76871.0
2020-03-04 14:42:00,123.1,123.5,123.5,123.05,439729.0
2020-03-04 14:43:00,123.5,123.8,124.1,123.45,965153.0
2020-03-04 14:44:00,123.8,123.75,123.95,123.55,318417.0
2020-03-04 14:45:00,123.75,123.75,124.05,123.65,477289.0
2020-03-04 14:46:00,123.8,123.65,123.8,123.55,267246.0
2020-03-04 14:47:00,123.6,123.4,123.8,123.4,349247.0
2020-03-04 14:48:00,123.5,123.45,123.75,123.4,203366.0
2020-03-04 14:49:00,123.5,123.7,123.85,123.45,221640.0
2020-03-04 14:50:00,123.55,123.85,123.85,123.55,131138.0
2020-03-04 14:51:00,123.8,123.65,123.85,123.55,129863.0
2020-03-04 14:52:00,123.75,123.75,123.95,123.7,188652.0
2020-03-04 14:53:00,123.7,123.7,123.85,123.65,124240.0
2020-03-04 14:54:00,123.7,123.8,123.8,123.7,74367.0
2020-03-04 14:55:00,123.8,124.1,124.45,123.75,676254.0
2020-03-04 14:56:00,124.25,124.2,124.3,124.1,243565.0
2020-03-04 14:57:00,124.15,124.65,124.7,124.15,727719.0
2020-03-04 14:58:00,124.65,124.55,124.9,124.45,608196.0
2020-03-04 14:59:00,124.5,125.15,125.3,124.35,750727.0
2020-03-04 15:00:00,125.2,125.25,125.5,125.1,817440.0
2020-03-04 15:01:00,125.3,125.9,125.9,125.25,655155.0
2020-03-04 15:02:00,125.95,127.0,127.0,125.7,1551008.0
2020-03-04 15:03:00,127.0,126.65,127.05,126.5,1337080.0
2020-03-04 15:04:00,126.6,125.95,126.65,125.8,972813.0
2020-03-04 15:05:00,125.9,126.65,126.7,125.9,608579.0
2020-03-04 15:06:00,126.7,126.45,126.8,126.4,515283.0
2020-03-04 15:07:00,126.55,125.95,126.75,125.9,409740.0
2020-03-04 15:08:00,126.05,126.25,126.45,125.75,567819.0
2020-03-04 15:09:00,126.3,126.45,126.5,126.2,260233.0
2020-03-04 15:10:00,126.5,126.25,126.5,126.2,265678.0
2020-03-04 15:11:00,126.3,126.4,126.45,126.2,397795.0
2020-03-04 15:12:00,126.3,126.55,126.6,126.3,292116.0
2020-03-04 15:13:00,126.55,126.25,126.7,126.05,462630.0
2020-03-04 15:14:00,126.35,126.25,126.4,126.2,197360.0
2020-03-04 15:15:00,126.25,126.2,126.4,126.15,370133.0
2020-03-04 15:16:00,126.2,126.2,126.35,125.9,607648.0
2020-03-04 15:17:00,126.2,126.2,126.3,126.05,214251.0
2020-03-04 15:18:00,126.2,126.2,126.3,126.05,259398.0
2020-03-04 15:19:00,126.2,126.0,126.3,126.0,283718.0
2020-03-04 15:20:00,126.0,126.15,126.25,126.0,209593.0
2020-03-04 15:21:00,126.2,126.55,126.55,125.7,637968.0
2020-03-04 15:22:00,126.4,126.2,126.45,126.0,455934.0
2020-03-04 15:23:00,126.2,126.2,126.45,126.15,634332.0
2020-03-04 15:24:00,126.15,126.1,126.3,126.1,84626.0
2020-03-04 15:25:00,126.05,126.0,126.1,125.95,103919.0
2020-03-04 15:26:00,126.0,125.9,126.0,125.85,107320.0
2020-03-04 15:27:00,125.9,126.2,126.25,125.85,189147.0
2020-03-04 15:28:00,126.25,126.45,126.5,126.2,219313.0
2020-03-04 15:29:00,126.5,126.5,126.5,126.3,122220.0
